1,Kylian MbappéCentre-Forward,Kylian Mbappé,,Kylian Mbappé,Kylian Mbappé,Centre-Forward,24,,France,,Paris Saint-Germain,€180.00m,48,44,0,10,5,0,0,4,10
2,Erling HaalandCentre-Forward,Erling Haaland,,Erling Haaland,Erling Haaland,Centre-Forward,22,,Norway,,Manchester City,€170.00m,56,58,0,9,5,0,0,3,25
3,Jude BellinghamCentral Midfield,Jude Bellingham,,Jude Bellingham,Jude Bellingham,Central Midfield,19,,England,,Borussia Dortmund,€120.00m,49,14,0,8,11,0,0,4,6
4,Vinicius JuniorLeft Winger,Vinicius Junior,,Vinicius Junior,Vinicius Junior,Left Winger,22,,Brazil,,Real Madrid,€120.00m,57,23,0,21,16,0,1,3,18
5,Jamal MusialaAttacking Midfield,Jamal Musiala,,Jamal Musiala,Jamal Musiala,Attacking Midfield,20,,Germany,,Bayern Munich,€110.00m,52,15,0,17,2,0,0,13,31
6,Bukayo SakaRight Winger,Bukayo Saka,,Bukayo Saka,Bukayo Saka,Right Winger,21,,England,,Arsenal FC,€110.00m,55,15,0,13,7,0,0,9,21
7,Phil FodenLeft Winger,Phil Foden,,Phil Foden,Phil Foden,Left Winger,22,,England,,Manchester City,€110.00m,48,14,0,8,3,0,0,19,15
8,PedriCentral Midfield,Pedri,,Pedri,Pedri,Central Midfield,20,,Spain,,FC Barcelona,€100.00m,37,7,0,1,3,0,0,5,16
9,Victor OsimhenCentre-Forward,Victor Osimhen,,Victor Osimhen,Victor Osimhen,Centre-Forward,24,,Nigeria,,SSC Napoli,€100.00m,37,28,0,5,5,0,0,4,19
10,Federico ValverdeCentral Midfield,Federico Valverde,,Federico Valverde,Federico Valverde,Central Midfield,24,,Uruguay,,Real Madrid,€100.00m,58,13,0,7,6,0,0,6,15
11,GaviCentral Midfield,Gavi,,Gavi,Gavi,Central Midfield,18,,Spain,,FC Barcelona,€90.00m,55,4,0,6,15,0,0,11,25
12,Aurélien TchouaméniDefensive Midfield,Aurélien Tchouaméni,,Aurélien Tchouaméni,Aurélien Tchouaméni,Defensive Midfield,23,,France,,Real Madrid,€90.00m,55,0,0,5,3,0,0,17,19
13,Harry KaneCentre-Forward,Harry Kane,,Harry Kane,Harry Kane,Centre-Forward,29,,England,,Tottenham Hotspur,€90.00m,56,34,0,5,7,0,0,2,5
14,Enzo FernándezDefensive Midfield,Enzo Fernández,,Enzo Fernández,Enzo Fernández,Defensive Midfield,22,,Argentina,,Chelsea FC,€85.00m,54,5,0,9,10,0,0,3,18
15,Florian WirtzAttacking Midfield,Florian Wirtz,,Florian Wirtz,Florian Wirtz,Attacking Midfield,20,,Germany,,Bayer 04 Leverkusen,€85.00m,24,4,0,8,5,0,0,6,9
16,Khvicha KvaratskheliaLeft Winger,Khvicha Kvaratskhelia,,Khvicha Kvaratskhelia,Khvicha Kvaratskhelia,Left Winger,22,,Georgia,,SSC Napoli,€85.00m,48,19,0,20,1,0,0,4,33
17,RodrygoRight Winger,Rodrygo,,Rodrygo,Rodrygo,Right Winger,22,,Brazil,,Real Madrid,€80.00m,57,16,0,11,4,0,0,18,24
18,Lautaro MartínezCentre-Forward,Lautaro Martínez,,Lautaro Martínez,Lautaro Martínez,Centre-Forward,25,,Argentina,,Inter Milan,€80.00m,57,26,0,11,8,0,0,13,20
19,Declan RiceDefensive Midfield,Declan Rice,,Declan Rice,Declan Rice,Defensive Midfield,24,,England,,West Ham United,€80.00m,55,6,0,4,6,0,0,4,4
20,RodriDefensive Midfield,Rodri,,Rodri,Rodri,Defensive Midfield,26,,Spain,,Manchester City,€80.00m,59,3,0,8,9,0,0,5,17
21,Rafael LeãoLeft Winger,Rafael Leão,,Rafael Leão,Rafael Leão,Left Winger,23,,Portugal,,AC Milan,€80.00m,54,15,0,17,6,1,0,13,23
22,Christopher NkunkuSecond Striker,Christopher Nkunku,,Christopher Nkunku,Christopher Nkunku,Second Striker,25,,France,,RB Leipzig,€80.00m,40,20,0,9,5,0,0,11,8
23,Martin ØdegaardAttacking Midfield,Martin Ødegaard,,Martin Ødegaard,Martin Ødegaard,Attacking Midfield,24,,Norway,,Arsenal FC,€80.00m,54,15,0,9,7,0,0,6,26
24,Marcus RashfordLeft Winger,Marcus Rashford,,Marcus Rashford,Marcus Rashford,Left Winger,25,,England,,Manchester United,€80.00m,53,29,0,11,2,0,0,9,21
25,Bernardo SilvaAttacking Midfield,Bernardo Silva,,Bernardo Silva,Bernardo Silva,Attacking Midfield,28,,Portugal,,Manchester City,€80.00m,61,9,0,11,10,0,0,19,17
26,Joshua KimmichDefensive Midfield,Joshua Kimmich,,Joshua Kimmich,Joshua Kimmich,Defensive Midfield,28,,Germany,,Bayern Munich,€80.00m,53,9,0,12,9,1,0,2,5
27,Kevin De BruyneAttacking Midfield,Kevin De Bruyne,,Kevin De Bruyne,Kevin De Bruyne,Attacking Midfield,31,,Belgium,,Manchester City,€80.00m,53,12,0,29,2,0,0,6,23
28,Luis DíazLeft Winger,Luis Díaz,,Luis Díaz,Luis Díaz,Left Winger,26,,Colombia,,Liverpool FC,€75.00m,22,5,0,3,2,0,0,5,10
29,Josko GvardiolCentre-Back,Josko Gvardiol,,Josko Gvardiol,Josko Gvardiol,Centre-Back,21,,Croatia,,RB Leipzig,€75.00m,45,3,1,0,3,0,1,7,7
30,Gabriel JesusCentre-Forward,Gabriel Jesus,,Gabriel Jesus,Gabriel Jesus,Centre-Forward,26,,Brazil,,Arsenal FC,€75.00m,32,10,0,7,7,0,0,6,16
31,Dusan VlahovicCentre-Forward,Dusan Vlahovic,,Dusan Vlahovic,Dusan Vlahovic,Centre-Forward,23,,Serbia,,Juventus FC,€75.00m,47,19,0,7,3,0,0,10,22
32,Matthijs de LigtCentre-Back,Matthijs de Ligt,,Matthijs de Ligt,Matthijs de Ligt,Centre-Back,23,,Netherlands,,Bayern Munich,€75.00m,46,3,0,1,5,0,0,6,8
33,Rúben DiasCentre-Back,Rúben Dias,,Rúben Dias,Rúben Dias,Centre-Back,26,,Portugal,,Manchester City,€75.00m,46,1,0,0,6,0,0,5,5
34,Bruno FernandesAttacking Midfield,Bruno Fernandes,,Bruno Fernandes,Bruno Fernandes,Attacking Midfield,28,,Portugal,,Manchester United,€75.00m,65,14,0,17,13,0,0,2,14
35,Gabriel MartinelliLeft Winger,Gabriel Martinelli,,Gabriel Martinelli,Gabriel Martinelli,Left Winger,21,,Brazil,,Arsenal FC,€70.00m,46,15,0,6,5,0,0,6,19
36,AntonyRight Winger,Antony,,Antony,Antony,Right Winger,23,,Brazil,,Manchester United,€70.00m,49,10,0,5,8,0,0,8,31
37,Darwin NúñezCentre-Forward,Darwin Núñez,,Darwin Núñez,Darwin Núñez,Centre-Forward,23,,Uruguay,,Liverpool FC,€70.00m,44,16,0,4,3,0,1,16,19
38,Ronald AraújoCentre-Back,Ronald Araújo,,Ronald Araújo,Ronald Araújo,Centre-Back,24,,Uruguay,,FC Barcelona,€70.00m,32,1,1,2,8,0,1,1,8
39,Reece JamesRight-Back,Reece James,,Reece James,Reece James,Right-Back,23,,England,,Chelsea FC,€70.00m,30,2,0,3,8,0,0,4,3
40,Alphonso DaviesLeft-Back,Alphonso Davies,,Alphonso Davies,Alphonso Davies,Left-Back,22,,Canada,,Bayern Munich,€70.00m,44,5,0,9,1,0,0,6,13
41,Éder MilitãoCentre-Back,Éder Militão,,Éder Militão,Éder Militão,Centre-Back,25,,Brazil,,Real Madrid,€70.00m,51,7,2,0,9,0,0,3,6
42,Achraf HakimiRight-Back,Achraf Hakimi,,Achraf Hakimi,Achraf Hakimi,Right-Back,24,,Morocco,,Paris Saint-Germain,€70.00m,42,5,0,5,6,1,1,7,7
43,Nicolò BarellaCentral Midfield,Nicolò Barella,,Nicolò Barella,Nicolò Barella,Central Midfield,26,,Italy,,Inter Milan,€70.00m,54,9,0,9,10,0,0,3,25
44,Jack GrealishLeft Winger,Jack Grealish,,Jack Grealish,Jack Grealish,Left Winger,27,,England,,Manchester City,€70.00m,54,5,0,11,7,0,0,13,21
45,Leroy SanéRight Winger,Leroy Sané,,Leroy Sané,Leroy Sané,Right Winger,27,,Germany,,Bayern Munich,€70.00m,49,14,0,9,6,0,0,16,18
46,MarquinhosCentre-Back,Marquinhos,,Marquinhos,Marquinhos,Centre-Back,29,,Brazil,,Paris Saint-Germain,€70.00m,45,3,1,1,4,0,0,2,7
47,Mohamed SalahRight Winger,Mohamed Salah,,Mohamed Salah,Mohamed Salah,Right Winger,30,,Egypt,,Liverpool FC,€70.00m,52,32,0,16,2,0,0,3,12
48,NeymarLeft Winger,Neymar,,Neymar,Neymar,Left Winger,31,,Brazil,,Paris Saint-Germain,€70.00m,31,19,0,19,12,1,0,2,9
49,Nuno MendesLeft-Back,Nuno Mendes,,Nuno Mendes,Nuno Mendes,Left-Back,20,,Portugal,,Paris Saint-Germain,€65.00m,37,2,0,8,4,0,0,6,15
50,Randal Kolo MuaniCentre-Forward,Randal Kolo Muani,,Randal Kolo Muani,Randal Kolo Muani,Centre-Forward,24,,France,,Eintracht Frankfurt,€65.00m,48,22,0,16,5,1,1,5,26
51,Wesley FofanaCentre-Back,Wesley Fofana,,Wesley Fofana,Wesley Fofana,Centre-Back,22,,France,,Chelsea FC,€65.00m,22,2,0,0,5,0,0,2,7
52,Mason MountAttacking Midfield,Mason Mount,,Mason Mount,Mason Mount,Attacking Midfield,24,,England,,Chelsea FC,€65.00m,40,4,0,6,7,0,0,11,19
53,Trent Alexander-ArnoldRight-Back,Trent Alexander-Arnold,,Trent Alexander-Arnold,Trent Alexander-Arnold,Right-Back,24,,England,,Liverpool FC,€65.00m,47,4,0,9,7,0,0,3,17
54,Kingsley ComanLeft Winger,Kingsley Coman,,Kingsley Coman,Kingsley Coman,Left Winger,26,,France,,Bayern Munich,€65.00m,38,8,0,7,0,1,0,11,22
55,Leon GoretzkaCentral Midfield,Leon Goretzka,,Leon Goretzka,Leon Goretzka,Central Midfield,28,,Germany,,Bayern Munich,€65.00m,43,6,0,6,6,0,0,9,22
56,Eduardo CamavingaCentral Midfield,Eduardo Camavinga,,Eduardo Camavinga,Eduardo Camavinga,Central Midfield,20,,France,,Real Madrid,€60.00m,59,0,0,2,13,0,0,20,15
57,Mykhaylo MudrykLeft Winger,Mykhaylo Mudryk,,Mykhaylo Mudryk,Mykhaylo Mudryk,Left Winger,22,,Ukraine,,Chelsea FC,€60.00m,41,10,0,10,8,0,1,12,18
58,Jonathan DavidCentre-Forward,Jonathan David,,Jonathan David,Jonathan David,Centre-Forward,23,,Canada,,LOSC Lille,€60.00m,44,28,0,6,7,0,0,2,19
59,Bruno GuimarãesDefensive Midfield,Bruno Guimarães,,Bruno Guimarães,Bruno Guimarães,Defensive Midfield,25,,Brazil,,Newcastle United,€60.00m,39,5,0,5,7,0,1,3,11
60,Cody GakpoLeft Winger,Cody Gakpo,,Cody Gakpo,Cody Gakpo,Left Winger,24,,Netherlands,,Liverpool FC,€60.00m,55,21,0,21,2,0,0,6,25
61,Jules KoundéCentre-Back,Jules Koundé,,Jules Koundé,Jules Koundé,Centre-Back,24,,France,,FC Barcelona,€60.00m,43,1,2,6,2,0,0,2,8
62,Cristian RomeroCentre-Back,Cristian Romero,,Cristian Romero,Cristian Romero,Centre-Back,25,,Argentina,,Tottenham Hotspur,€60.00m,36,0,0,1,11,2,0,1,2
63,Dayot UpamecanoCentre-Back,Dayot Upamecano,,Dayot Upamecano,Dayot Upamecano,Centre-Back,24,,France,,Bayern Munich,€60.00m,45,2,1,2,10,0,1,3,7
64,Theo HernándezLeft-Back,Theo Hernández,,Theo Hernández,Theo Hernández,Left-Back,25,,France,,AC Milan,€60.00m,47,4,1,5,10,0,0,1,8
65,Frenkie de JongCentral Midfield,Frenkie de Jong,,Frenkie de Jong,Frenkie de Jong,Central Midfield,26,,Netherlands,,FC Barcelona,€60.00m,45,2,0,4,4,0,0,7,12
66,Kai HavertzAttacking Midfield,Kai Havertz,,Kai Havertz,Kai Havertz,Attacking Midfield,23,,Germany,,Chelsea FC,€60.00m,51,11,0,2,6,0,0,11,19
67,Ousmane DembéléRight Winger,Ousmane Dembélé,,Ousmane Dembélé,Ousmane Dembélé,Right Winger,26,,France,,FC Barcelona,€60.00m,33,8,0,7,5,0,0,9,19
68,Sergej Milinkovic-SavicCentral Midfield,Sergej Milinkovic-Savic,,Sergej Milinkovic-Savic,Sergej Milinkovic-Savic,Central Midfield,28,,Serbia,,SS Lazio,€60.00m,53,10,0,9,12,0,0,8,13
69,Milan SkriniarCentre-Back,Milan Skriniar,,Milan Skriniar,Milan Skriniar,Centre-Back,28,,Slovakia,,Inter Milan,€60.00m,37,0,1,1,5,1,0,4,5
70,João CanceloRight-Back,João Cancelo,,João Cancelo,João Cancelo,Right-Back,28,,Portugal,,Bayern Munich,€60.00m,52,6,0,12,11,0,1,8,16
71,Raheem SterlingLeft Winger,Raheem Sterling,,Raheem Sterling,Raheem Sterling,Left Winger,28,,England,,Chelsea FC,€60.00m,42,9,0,4,5,0,0,8,26
72,Thibaut CourtoisGoalkeeper,Thibaut Courtois,,Thibaut Courtois,Thibaut Courtois,Goalkeeper,31,,Belgium,,Real Madrid,€60.00m,50,0,0,0,1,0,0,0,0
73,Heung-min SonLeft Winger,Heung-min Son,,Heung-min Son,Heung-min Son,Left Winger,30,,"Korea, South",,Tottenham Hotspur,€60.00m,50,18,0,5,3,0,0,3,19
74,Moisés CaicedoDefensive Midfield,Moisés Caicedo,,Moisés Caicedo,Moisés Caicedo,Defensive Midfield,21,,Ecuador,,Brighton & Hove Albion,€55.00m,44,1,0,1,12,0,0,2,5
75,William SalibaCentre-Back,William Saliba,,William Saliba,William Saliba,Centre-Back,22,,France,,Arsenal FC,€55.00m,38,3,1,1,4,0,0,3,4
76,Dejan KulusevskiRight Winger,Dejan Kulusevski,,Dejan Kulusevski,Dejan Kulusevski,Right Winger,23,,Sweden,,Tottenham Hotspur,€55.00m,43,3,0,11,8,0,0,11,22
77,Jadon SanchoLeft Winger,Jadon Sancho,,Jadon Sancho,Jadon Sancho,Left Winger,23,,England,,Manchester United,€55.00m,38,6,0,2,0,0,0,12,22
78,RicharlisonCentre-Forward,Richarlison,,Richarlison,Richarlison,Centre-Forward,26,,Brazil,,Tottenham Hotspur,€55.00m,36,6,0,5,4,0,0,17,16
79,Diogo JotaLeft Winger,Diogo Jota,,Diogo Jota,Diogo Jota,Left Winger,26,,Portugal,,Liverpool FC,€55.00m,33,6,0,10,2,0,0,16,16
80,Alessandro BastoniCentre-Back,Alessandro Bastoni,,Alessandro Bastoni,Alessandro Bastoni,Centre-Back,24,,Italy,,Inter Milan,€55.00m,47,1,0,6,6,0,0,4,16
81,James MaddisonAttacking Midfield,James Maddison,,James Maddison,James Maddison,Attacking Midfield,26,,England,,Leicester City,€55.00m,32,10,0,9,11,0,0,3,9
82,Serge GnabryRight Winger,Serge Gnabry,,Serge Gnabry,Serge Gnabry,Right Winger,27,,Germany,,Bayern Munich,€55.00m,51,17,0,13,0,0,0,22,17
83,Julián ÁlvarezCentre-Forward,Julián Álvarez,,Julián Álvarez,Julián Álvarez,Centre-Forward,23,,Argentina,,Manchester City,€50.00m,51,19,0,5,1,0,0,26,8
84,Min-jae KimCentre-Back,Min-jae Kim,,Min-jae Kim,Min-jae Kim,Centre-Back,26,,"Korea, South",,SSC Napoli,€50.00m,48,2,0,2,8,0,0,1,5
85,Lisandro MartínezCentre-Back,Lisandro Martínez,,Lisandro Martínez,Lisandro Martínez,Centre-Back,25,,Argentina,,Manchester United,€50.00m,49,1,0,0,11,0,0,9,8
86,João FélixSecond Striker,João Félix,,João Félix,João Félix,Second Striker,23,,Portugal,,Chelsea FC,€50.00m,42,9,0,3,7,0,1,14,20
87,Gabriel MagalhãesCentre-Back,Gabriel Magalhães,,Gabriel Magalhães,Gabriel Magalhães,Centre-Back,25,,Brazil,,Arsenal FC,€50.00m,47,3,0,0,6,0,0,3,2
88,RaphinhaRight Winger,Raphinha,,Raphinha,Raphinha,Right Winger,26,,Brazil,,FC Barcelona,€50.00m,49,12,0,14,9,0,0,14,33
89,Sandro TonaliDefensive Midfield,Sandro Tonali,,Sandro Tonali,Sandro Tonali,Defensive Midfield,23,,Italy,,AC Milan,€50.00m,52,2,0,11,13,0,0,6,12
90,Moussa DiabyRight Winger,Moussa Diaby,,Moussa Diaby,Moussa Diaby,Right Winger,23,,France,,Bayer 04 Leverkusen,€50.00m,52,14,0,11,6,0,0,4,26
91,Mikel OyarzabalLeft Winger,Mikel Oyarzabal,,Mikel Oyarzabal,Mikel Oyarzabal,Left Winger,26,,Spain,,Real Sociedad,€50.00m,27,4,0,1,2,0,0,11,12
92,Alexander IsakCentre-Forward,Alexander Isak,,Alexander Isak,Alexander Isak,Centre-Forward,23,,Sweden,,Newcastle United,€50.00m,33,11,0,3,4,0,0,9,18
93,Federico ChiesaLeft Winger,Federico Chiesa,,Federico Chiesa,Federico Chiesa,Left Winger,25,,Italy,,Juventus FC,€50.00m,33,3,0,6,5,0,0,24,7
94,Mikel MerinoCentral Midfield,Mikel Merino,,Mikel Merino,Mikel Merino,Central Midfield,26,,Spain,,Real Sociedad,€50.00m,42,3,0,9,5,0,1,5,15
95,Ben WhiteRight-Back,Ben White,,Ben White,Ben White,Right-Back,25,,England,,Arsenal FC,€50.00m,45,2,0,5,5,0,0,7,17
96,Gianluigi DonnarummaGoalkeeper,Gianluigi Donnarumma,,Gianluigi Donnarumma,Gianluigi Donnarumma,Goalkeeper,24,,Italy,,Paris Saint-Germain,€50.00m,55,0,0,0,3,0,0,0,0
97,Lucas HernándezCentre-Back,Lucas Hernández,,Lucas Hernández,Lucas Hernández,Centre-Back,27,,France,,Bayern Munich,€50.00m,12,1,0,1,2,0,0,1,5
98,Ivan ToneyCentre-Forward,Ivan Toney,,Ivan Toney,Ivan Toney,Centre-Forward,27,,England,,Brentford FC,€50.00m,36,21,0,5,9,0,0,2,4
99,Marco VerrattiCentral Midfield,Marco Verratti,,Marco Verratti,Marco Verratti,Central Midfield,30,,Italy,,Paris Saint-Germain,€50.00m,40,0,0,1,14,0,1,3,19
100,David AlabaCentre-Back,David Alaba,,David Alaba,David Alaba,Centre-Back,30,,Austria,,Real Madrid,€50.00m,44,3,0,3,4,0,0,6,11
101,CasemiroDefensive Midfield,Casemiro,,Casemiro,Casemiro,Defensive Midfield,31,,Brazil,,Manchester United,€50.00m,53,7,0,8,14,0,2,9,10
102,Andrew RobertsonLeft-Back,Andrew Robertson,,Andrew Robertson,Andrew Robertson,Left-Back,29,,Scotland,,Liverpool FC,€48.00m,48,0,0,14,6,0,0,6,13
103,Matheus NunesCentral Midfield,Matheus Nunes,,Matheus Nunes,Matheus Nunes,Central Midfield,24,,Portugal,,Wolverhampton Wanderers,€45.00m,44,2,0,2,5,0,1,11,15
104,Lucas PaquetáAttacking Midfield,Lucas Paquetá,,Lucas Paquetá,Lucas Paquetá,Attacking Midfield,25,,Brazil,,West Ham United,€45.00m,44,5,0,7,8,0,0,5,29
105,Pau TorresCentre-Back,Pau Torres,,Pau Torres,Pau Torres,Centre-Back,26,,Spain,,Villarreal CF,€45.00m,41,1,1,0,11,0,0,3,1
106,Sven BotmanCentre-Back,Sven Botman,,Sven Botman,Sven Botman,Centre-Back,23,,Netherlands,,Newcastle United,€45.00m,43,0,0,0,4,0,0,3,2
107,Diogo CostaGoalkeeper,Diogo Costa,,Diogo Costa,Diogo Costa,Goalkeeper,23,,Portugal,,FC Porto,€45.00m,44,0,2,1,1,0,0,0,0
108,Tammy AbrahamCentre-Forward,Tammy Abraham,,Tammy Abraham,Tammy Abraham,Centre-Forward,25,,England,,AS Roma,€45.00m,52,9,0,7,5,0,0,17,22
109,Fikayo TomoriCentre-Back,Fikayo Tomori,,Fikayo Tomori,Fikayo Tomori,Centre-Back,25,,England,,AC Milan,€45.00m,44,1,0,0,9,0,1,1,7
110,EdersonGoalkeeper,Ederson,,Ederson,Ederson,Goalkeeper,29,,Brazil,,Manchester City,€45.00m,46,0,0,1,4,0,0,1,0
111,FabinhoDefensive Midfield,Fabinho,,Fabinho,Fabinho,Defensive Midfield,29,,Brazil,,Liverpool FC,€45.00m,49,0,0,1,13,0,0,10,12
112,Sadio ManéLeft Winger,Sadio Mané,,Sadio Mané,Sadio Mané,Left Winger,31,,Senegal,,Bayern Munich,€45.00m,40,13,0,6,3,0,0,11,18
113,Pierre-Emile HöjbjergCentral Midfield,Pierre-Emile Höjbjerg,,Pierre-Emile Höjbjerg,Pierre-Emile Höjbjerg,Central Midfield,27,,Denmark,,Tottenham Hotspur,€45.00m,52,6,0,8,8,0,0,0,4
114,Virgil van DijkCentre-Back,Virgil van Dijk,,Virgil van Dijk,Virgil van Dijk,Centre-Back,31,,Netherlands,,Liverpool FC,€45.00m,46,4,0,1,5,0,0,0,1
115,AlissonGoalkeeper,Alisson,,Alisson,Alisson,Goalkeeper,30,,Brazil,,Liverpool FC,€45.00m,49,0,0,1,1,0,0,0,0
116,Lionel MessiRight Winger,Lionel Messi,,Lionel Messi,Lionel Messi,Right Winger,35,,Argentina,,Paris Saint-Germain,€45.00m,44,29,0,22,0,0,0,1,7
117,Alexis Mac AllisterCentral Midfield,Alexis Mac Allister,,Alexis Mac Allister,Alexis Mac Allister,Central Midfield,24,,Argentina,,Brighton & Hove Albion,€42.00m,43,12,1,4,8,0,0,5,9
118,VitinhaCentral Midfield,Vitinha,,Vitinha,Vitinha,Central Midfield,23,,Portugal,,Paris Saint-Germain,€42.00m,51,2,0,3,3,0,0,12,28
119,Amadou OnanaDefensive Midfield,Amadou Onana,,Amadou Onana,Amadou Onana,Defensive Midfield,21,,Belgium,,Everton FC,€42.00m,37,1,0,2,10,0,0,5,14
120,Jurrien TimberCentre-Back,Jurrien Timber,,Jurrien Timber,Jurrien Timber,Centre-Back,21,,Netherlands,,Ajax Amsterdam,€42.00m,51,2,0,2,6,0,0,0,8
121,Gonçalo RamosCentre-Forward,Gonçalo Ramos,,Gonçalo Ramos,Gonçalo Ramos,Centre-Forward,21,,Portugal,,SL Benfica,€40.00m,49,27,0,13,5,1,0,4,38
122,BremerCentre-Back,Bremer,,Bremer,Bremer,Centre-Back,26,,Brazil,,Juventus FC,€40.00m,43,5,0,1,8,0,0,1,6
123,Anthony GordonLeft Winger,Anthony Gordon,,Anthony Gordon,Anthony Gordon,Left Winger,22,,England,,Newcastle United,€40.00m,35,3,0,1,8,0,0,18,11
124,Benoît BadiashileCentre-Back,Benoît Badiashile,,Benoît Badiashile,Benoît Badiashile,Centre-Back,22,,France,,Chelsea FC,€40.00m,32,3,0,0,7,0,0,3,3
125,Dominik SzoboszlaiAttacking Midfield,Dominik Szoboszlai,,Dominik Szoboszlai,Dominik Szoboszlai,Attacking Midfield,22,,Hungary,,RB Leipzig,€40.00m,54,11,0,14,5,1,1,2,22
126,Martín ZubimendiDefensive Midfield,Martín Zubimendi,,Martín Zubimendi,Martín Zubimendi,Defensive Midfield,24,,Spain,,Real Sociedad,€40.00m,41,1,0,4,14,0,0,2,2
127,Nico SchlotterbeckCentre-Back,Nico Schlotterbeck,,Nico Schlotterbeck,Nico Schlotterbeck,Centre-Back,23,,Germany,,Borussia Dortmund,€40.00m,43,4,0,6,6,0,0,5,4
128,Rodrigo BentancurCentral Midfield,Rodrigo Bentancur,,Rodrigo Bentancur,Rodrigo Bentancur,Central Midfield,25,,Uruguay,,Tottenham Hotspur,€40.00m,28,6,0,2,12,0,0,2,13
129,Frank AnguissaCentral Midfield,Frank Anguissa,,Frank Anguissa,Frank Anguissa,Central Midfield,27,,Cameroon,,SSC Napoli,€40.00m,44,4,0,8,3,1,0,1,13
130,Ismaël BennacerDefensive Midfield,Ismaël Bennacer,,Ismaël Bennacer,Ismaël Bennacer,Defensive Midfield,25,,Algeria,,AC Milan,€40.00m,44,3,0,2,6,0,0,7,20
131,Dani OlmoAttacking Midfield,Dani Olmo,,Dani Olmo,Dani Olmo,Attacking Midfield,25,,Spain,,RB Leipzig,€40.00m,35,6,0,9,2,0,0,16,15
132,Marc CucurellaLeft-Back,Marc Cucurella,,Marc Cucurella,Marc Cucurella,Left-Back,24,,Spain,,Chelsea FC,€40.00m,33,0,0,2,6,0,0,7,12
133,Rodrigo de PaulCentral Midfield,Rodrigo de Paul,,Rodrigo de Paul,Rodrigo de Paul,Central Midfield,28,,Argentina,,Atlético de Madrid,€40.00m,41,3,0,8,7,0,0,13,20
134,Rúben NevesDefensive Midfield,Rúben Neves,,Rúben Neves,Rúben Neves,Defensive Midfield,26,,Portugal,,Wolverhampton Wanderers,€40.00m,48,6,0,2,13,0,0,6,9
135,Oleksandr ZinchenkoLeft-Back,Oleksandr Zinchenko,,Oleksandr Zinchenko,Oleksandr Zinchenko,Left-Back,26,,Ukraine,,Arsenal FC,€40.00m,36,1,0,2,7,0,0,5,20
136,Julian BrandtAttacking Midfield,Julian Brandt,,Julian Brandt,Julian Brandt,Attacking Midfield,27,,Germany,,Borussia Dortmund,€40.00m,43,10,0,9,2,0,0,6,21
137,Piotr ZielinskiCentral Midfield,Piotr Zielinski,,Piotr Zielinski,Piotr Zielinski,Central Midfield,29,,Poland,,SSC Napoli,€40.00m,54,8,0,11,5,0,0,13,31
138,Raphaël VaraneCentre-Back,Raphaël Varane,,Raphaël Varane,Raphaël Varane,Centre-Back,30,,France,,Manchester United,€40.00m,34,0,1,0,2,0,0,3,9
139,Jan OblakGoalkeeper,Jan Oblak,,Jan Oblak,Jan Oblak,Goalkeeper,30,,Slovenia,,Atlético de Madrid,€40.00m,48,0,0,0,1,0,0,0,2
140,Romelu LukakuCentre-Forward,Romelu Lukaku,,Romelu Lukaku,Romelu Lukaku,Centre-Forward,30,,Belgium,,Inter Milan,€40.00m,35,16,0,6,1,1,0,15,11
141,Antonio RüdigerCentre-Back,Antonio Rüdiger,,Antonio Rüdiger,Antonio Rüdiger,Centre-Back,30,,Germany,,Real Madrid,€40.00m,54,2,0,0,4,0,0,13,1
142,Marc-André ter StegenGoalkeeper,Marc-André ter Stegen,,Marc-André ter Stegen,Marc-André ter Stegen,Goalkeeper,31,,Germany,,FC Barcelona,€40.00m,49,0,0,0,0,0,0,0,0
143,Mateo KovacicCentral Midfield,Mateo Kovacic,,Mateo Kovacic,Mateo Kovacic,Central Midfield,29,,Croatia,,Chelsea FC,€40.00m,45,4,0,2,10,0,0,11,19
144,Robert LewandowskiCentre-Forward,Robert Lewandowski,,Robert Lewandowski,Robert Lewandowski,Centre-Forward,34,,Poland,,FC Barcelona,€40.00m,50,33,0,9,3,1,0,1,7
145,Yéremy PinoRight Winger,Yéremy Pino,,Yéremy Pino,Yéremy Pino,Right Winger,20,,Spain,,Villarreal CF,€38.00m,48,4,0,8,9,0,0,14,25
146,Aaron RamsdaleGoalkeeper,Aaron Ramsdale,,Aaron Ramsdale,Aaron Ramsdale,Goalkeeper,25,,England,,Arsenal FC,€38.00m,42,0,0,0,1,0,0,0,0
147,Emile Smith RoweAttacking Midfield,Emile Smith Rowe,,Emile Smith Rowe,Emile Smith Rowe,Attacking Midfield,22,,England,,Arsenal FC,€38.00m,16,1,0,1,0,0,0,14,3
148,Fabián RuizCentral Midfield,Fabián Ruiz,,Fabián Ruiz,Fabián Ruiz,Central Midfield,27,,Spain,,Paris Saint-Germain,€38.00m,38,3,0,4,1,0,0,13,14
149,JoelintonAttacking Midfield,Joelinton,,Joelinton,Joelinton,Attacking Midfield,26,,Brazil,,Newcastle United,€38.00m,40,8,0,3,13,0,0,3,5
150,Jarrod BowenRight Winger,Jarrod Bowen,,Jarrod Bowen,Jarrod Bowen,Right Winger,26,,England,,West Ham United,€38.00m,56,12,0,9,2,0,0,8,13
151,Thomas ParteyDefensive Midfield,Thomas Partey,,Thomas Partey,Thomas Partey,Defensive Midfield,29,,Ghana,,Arsenal FC,€38.00m,39,3,0,0,6,0,0,11,8
152,Stanislav LobotkaDefensive Midfield,Stanislav Lobotka,,Stanislav Lobotka,Stanislav Lobotka,Defensive Midfield,28,,Slovakia,,SSC Napoli,€38.00m,56,1,0,2,2,0,0,5,20
153,James Ward-ProwseCentral Midfield,James Ward-Prowse,,James Ward-Prowse,James Ward-Prowse,Central Midfield,28,,England,,Southampton FC,€38.00m,45,10,1,5,8,0,0,1,1
154,Rasmus HøjlundCentre-Forward,Rasmus Højlund,,Rasmus Højlund,Rasmus Højlund,Centre-Forward,20,,Denmark,,Atalanta BC,€35.00m,44,20,0,6,3,0,0,17,17
155,Pierre KaluluCentre-Back,Pierre Kalulu,,Pierre Kalulu,Pierre Kalulu,Centre-Back,22,,France,,AC Milan,€35.00m,48,1,0,0,4,0,0,11,2
156,Harvey ElliottAttacking Midfield,Harvey Elliott,,Harvey Elliott,Harvey Elliott,Attacking Midfield,20,,England,,Liverpool FC,€35.00m,49,5,0,2,2,0,0,22,21
157,Pedro PorroRight-Back,Pedro Porro,,Pedro Porro,Pedro Porro,Right-Back,23,,Spain,,Tottenham Hotspur,€35.00m,43,5,0,13,7,0,1,7,17
158,Karim AdeyemiLeft Winger,Karim Adeyemi,,Karim Adeyemi,Karim Adeyemi,Left Winger,21,,Germany,,Borussia Dortmund,€35.00m,32,9,0,6,10,0,1,7,22
159,Jeremie FrimpongRight-Back,Jeremie Frimpong,,Jeremie Frimpong,Jeremie Frimpong,Right-Back,22,,Netherlands,,Bayer 04 Leverkusen,€35.00m,49,9,0,11,5,1,0,3,23
160,Ansu FatiLeft Winger,Ansu Fati,,Ansu Fati,Ansu Fati,Left Winger,20,,Spain,,FC Barcelona,€35.00m,49,8,0,4,4,0,0,35,12
161,Douglas LuizCentral Midfield,Douglas Luiz,,Douglas Luiz,Douglas Luiz,Central Midfield,25,,Brazil,,Aston Villa,€35.00m,39,6,0,6,8,0,1,4,10
162,Martin TerrierLeft Winger,Martin Terrier,,Martin Terrier,Martin Terrier,Left Winger,26,,France,,Stade Rennais FC,€35.00m,22,12,0,5,0,0,0,1,14
163,Amine GouiriCentre-Forward,Amine Gouiri,,Amine Gouiri,Amine Gouiri,Centre-Forward,23,,France,,Stade Rennais FC,€35.00m,50,17,0,8,4,1,0,9,22
164,Giacomo RaspadoriSecond Striker,Giacomo Raspadori,,Giacomo Raspadori,Giacomo Raspadori,Second Striker,23,,Italy,,SSC Napoli,€35.00m,40,8,0,5,2,0,0,19,19
165,Edson ÁlvarezDefensive Midfield,Edson Álvarez,,Edson Álvarez,Edson Álvarez,Defensive Midfield,25,,Mexico,,Ajax Amsterdam,€35.00m,45,4,1,3,17,1,0,2,6
166,Marc GuéhiCentre-Back,Marc Guéhi,,Marc Guéhi,Marc Guéhi,Centre-Back,22,,England,,Crystal Palace,€35.00m,41,1,1,0,8,0,0,1,1
167,Ibrahim SangaréDefensive Midfield,Ibrahim Sangaré,,Ibrahim Sangaré,Ibrahim Sangaré,Defensive Midfield,25,,Cote d'Ivoire,,PSV Eindhoven,€35.00m,48,11,2,3,10,0,0,4,9
168,Diogo DalotRight-Back,Diogo Dalot,,Diogo Dalot,Diogo Dalot,Right-Back,24,,Portugal,,Manchester United,€35.00m,44,4,1,4,8,0,0,4,9
169,Ibrahima KonatéCentre-Back,Ibrahima Konaté,,Ibrahima Konaté,Ibrahima Konaté,Centre-Back,23,,France,,Liverpool FC,€35.00m,28,0,1,0,8,0,0,1,1
170,Benjamin PavardRight-Back,Benjamin Pavard,,Benjamin Pavard,Benjamin Pavard,Right-Back,27,,France,,Bayern Munich,€35.00m,47,8,0,1,11,1,0,6,7
171,Robin Le NormandCentre-Back,Robin Le Normand,,Robin Le Normand,Robin Le Normand,Centre-Back,26,,France,,Real Sociedad,€35.00m,39,0,1,0,7,0,0,2,1
172,Kalvin PhillipsDefensive Midfield,Kalvin Phillips,,Kalvin Phillips,Kalvin Phillips,Defensive Midfield,27,,England,,Manchester City,€35.00m,24,0,0,0,1,0,0,18,2
173,Ben ChilwellLeft-Back,Ben Chilwell,,Ben Chilwell,Ben Chilwell,Left-Back,26,,England,,Chelsea FC,€35.00m,32,2,0,4,4,0,1,8,8
174,Ferland MendyLeft-Back,Ferland Mendy,,Ferland Mendy,Ferland Mendy,Left-Back,27,,France,,Real Madrid,€35.00m,29,0,0,1,4,0,0,3,13
175,Lorenzo PellegriniAttacking Midfield,Lorenzo Pellegrini,,Lorenzo Pellegrini,Lorenzo Pellegrini,Attacking Midfield,26,,Italy,,AS Roma,€35.00m,50,10,0,10,6,0,0,3,27
176,Tomas SoucekDefensive Midfield,Tomas Soucek,,Tomas Soucek,Tomas Soucek,Defensive Midfield,28,,Czech Republic,,West Ham United,€35.00m,59,3,0,7,8,0,0,8,12
177,Marcos LlorenteCentral Midfield,Marcos Llorente,,Marcos Llorente,Marcos Llorente,Central Midfield,28,,Spain,,Atlético de Madrid,€35.00m,33,3,0,4,5,0,0,4,13
178,Presnel KimpembeCentre-Back,Presnel Kimpembe,,Presnel Kimpembe,Presnel Kimpembe,Centre-Back,27,,France,,Paris Saint-Germain,€35.00m,17,0,0,0,5,0,0,4,2
179,Miguel AlmirónRight Winger,Miguel Almirón,,Miguel Almirón,Miguel Almirón,Right Winger,29,,Paraguay,,Newcastle United,€35.00m,43,11,0,4,2,0,0,7,29
180,Allan Saint-MaximinLeft Winger,Allan Saint-Maximin,,Allan Saint-Maximin,Allan Saint-Maximin,Left Winger,26,,France,,Newcastle United,€35.00m,30,1,0,5,2,0,0,17,10
181,Ángel CorreaRight Winger,Ángel Correa,,Ángel Correa,Ángel Correa,Right Winger,28,,Argentina,,Atlético de Madrid,€35.00m,43,8,0,4,1,0,1,27,15
182,Gregor KobelGoalkeeper,Gregor Kobel,,Gregor Kobel,Gregor Kobel,Goalkeeper,25,,Switzerland,,Borussia Dortmund,€35.00m,35,0,1,0,0,0,0,0,1
183,João PalhinhaDefensive Midfield,João Palhinha,,João Palhinha,João Palhinha,Defensive Midfield,27,,Portugal,,Fulham FC,€35.00m,44,4,1,1,13,0,0,4,9
184,José María GiménezCentre-Back,José María Giménez,,José María Giménez,José María Giménez,Centre-Back,28,,Uruguay,,Atlético de Madrid,€35.00m,34,2,0,1,12,0,0,3,2
185,José GayàLeft-Back,José Gayà,,José Gayà,José Gayà,Left-Back,27,,Spain,,Valencia CF,€35.00m,33,1,0,3,4,0,0,0,6
186,Luke ShawLeft-Back,Luke Shaw,,Luke Shaw,Luke Shaw,Left-Back,27,,England,,Manchester United,€35.00m,48,2,0,6,12,1,0,8,6
187,Mike MaignanGoalkeeper,Mike Maignan,,Mike Maignan,Mike Maignan,Goalkeeper,27,,France,,AC Milan,€35.00m,32,0,0,1,1,0,0,0,1
188,Nathan AkéCentre-Back,Nathan Aké,,Nathan Aké,Nathan Aké,Centre-Back,28,,Netherlands,,Manchester City,€35.00m,44,5,0,0,4,0,0,7,9
189,Niklas SüleCentre-Back,Niklas Süle,,Niklas Süle,Niklas Süle,Centre-Back,27,,Germany,,Borussia Dortmund,€35.00m,45,1,0,4,4,0,0,7,5
190,Hakan CalhanogluCentral Midfield,Hakan Calhanoglu,,Hakan Calhanoglu,Hakan Calhanoglu,Central Midfield,29,,Turkey,,Inter Milan,€35.00m,53,7,0,10,5,0,0,8,29
191,JorginhoDefensive Midfield,Jorginho,,Jorginho,Jorginho,Defensive Midfield,31,,Italy,,Arsenal FC,€35.00m,43,3,0,1,5,0,0,10,16
192,Karim BenzemaCentre-Forward,Karim Benzema,,Karim Benzema,Karim Benzema,Centre-Forward,35,,France,,Real Madrid,€35.00m,44,30,0,6,1,0,0,1,11
193,Jacob RamseyCentral Midfield,Jacob Ramsey,,Jacob Ramsey,Jacob Ramsey,Central Midfield,21,,England,,Aston Villa,€32.00m,41,7,1,6,4,0,0,8,18
194,Conor GallagherCentral Midfield,Conor Gallagher,,Conor Gallagher,Conor Gallagher,Central Midfield,23,,England,,Chelsea FC,€32.00m,48,4,0,2,12,1,0,26,12
195,Pedro NetoRight Winger,Pedro Neto,,Pedro Neto,Pedro Neto,Right Winger,23,,Portugal,,Wolverhampton Wanderers,€32.00m,23,2,0,1,2,0,0,6,15
196,Khéphren ThuramDefensive Midfield,Khéphren Thuram,,Khéphren Thuram,Khéphren Thuram,Defensive Midfield,22,,France,,OGC Nice,€32.00m,52,2,0,8,7,0,0,8,20
197,Robert SánchezGoalkeeper,Robert Sánchez,,Robert Sánchez,Robert Sánchez,Goalkeeper,25,,Spain,,Brighton & Hove Albion,€32.00m,26,0,0,0,2,0,0,0,1
198,Harvey BarnesLeft Winger,Harvey Barnes,,Harvey Barnes,Harvey Barnes,Left Winger,25,,England,,Leicester City,€32.00m,39,12,0,3,3,0,0,2,12
199,Evan NdickaCentre-Back,Evan Ndicka,,Evan Ndicka,Evan Ndicka,Centre-Back,23,,France,,Eintracht Frankfurt,€32.00m,42,2,1,1,7,0,0,0,2
200,Nayef AguerdCentre-Back,Nayef Aguerd,,Nayef Aguerd,Nayef Aguerd,Centre-Back,27,,Morocco,,West Ham United,€32.00m,31,2,1,0,5,0,0,1,2
201,Ollie WatkinsCentre-Forward,Ollie Watkins,,Ollie Watkins,Ollie Watkins,Centre-Forward,27,,England,,Aston Villa,€32.00m,39,15,0,6,4,0,0,2,11
202,Marcus ThuramCentre-Forward,Marcus Thuram,,Marcus Thuram,Marcus Thuram,Centre-Forward,25,,France,,Borussia Mönchengladbach,€32.00m,32,16,0,7,3,0,0,3,6
203,Christian PulisicRight Winger,Christian Pulisic,,Christian Pulisic,Christian Pulisic,Right Winger,24,,United States,,Chelsea FC,€32.00m,32,2,0,4,1,0,0,18,11
204,Wilfred NdidiDefensive Midfield,Wilfred Ndidi,,Wilfred Ndidi,Wilfred Ndidi,Defensive Midfield,26,,Nigeria,,Leicester City,€32.00m,31,0,0,0,5,0,0,9,13
205,Joachim AndersenCentre-Back,Joachim Andersen,,Joachim Andersen,Joachim Andersen,Centre-Back,26,,Denmark,,Crystal Palace,€32.00m,38,1,2,0,8,0,0,0,3
206,Gabri VeigaAttacking Midfield,Gabri Veiga,,Gabri Veiga,Gabri Veiga,Attacking Midfield,20,,Spain,,Celta de Vigo,€30.00m,38,9,0,4,6,0,1,10,24
207,Alejandro BaldeLeft-Back,Alejandro Balde,,Alejandro Balde,Alejandro Balde,Left-Back,19,,Spain,,FC Barcelona,€30.00m,45,1,0,8,5,0,0,9,10
208,Manu KonéCentral Midfield,Manu Koné,,Manu Koné,Manu Koné,Central Midfield,22,,France,,Borussia Mönchengladbach,€30.00m,35,1,0,1,12,0,0,1,15
209,Jean-Clair TodiboCentre-Back,Jean-Clair Todibo,,Jean-Clair Todibo,Jean-Clair Todibo,Centre-Back,23,,France,,OGC Nice,€30.00m,45,0,0,0,3,1,2,1,1
210,Armando BrojaCentre-Forward,Armando Broja,,Armando Broja,Armando Broja,Centre-Forward,21,,Albania,,Chelsea FC,€30.00m,22,2,0,1,0,0,0,16,4
211,Giorgio ScalviniCentre-Back,Giorgio Scalvini,,Giorgio Scalvini,Giorgio Scalvini,Centre-Back,19,,Italy,,Atalanta BC,€30.00m,38,2,0,2,8,0,0,5,17
212,Oihan SancetAttacking Midfield,Oihan Sancet,,Oihan Sancet,Oihan Sancet,Attacking Midfield,23,,Spain,,Athletic Bilbao,€30.00m,40,9,0,2,9,0,1,4,28
213,Xavi SimonsAttacking Midfield,Xavi Simons,,Xavi Simons,Xavi Simons,Attacking Midfield,20,,Netherlands,,PSV Eindhoven,€30.00m,51,20,0,12,7,0,0,3,26
214,Edmond TapsobaCentre-Back,Edmond Tapsoba,,Edmond Tapsoba,Edmond Tapsoba,Centre-Back,24,,Burkina Faso,,Bayer 04 Leverkusen,€30.00m,49,3,1,2,6,0,0,2,5
215,Mohammed KudusAttacking Midfield,Mohammed Kudus,,Mohammed Kudus,Mohammed Kudus,Attacking Midfield,22,,Ghana,,Ajax Amsterdam,€30.00m,43,18,0,6,4,0,0,13,14
216,Cheick DoucouréDefensive Midfield,Cheick Doucouré,,Cheick Doucouré,Cheick Doucouré,Defensive Midfield,23,,Mali,,Crystal Palace,€30.00m,36,0,0,3,8,1,0,0,19
217,Roger IbañezCentre-Back,Roger Ibañez,,Roger Ibañez,Roger Ibañez,Centre-Back,24,,Brazil,,AS Roma,€30.00m,48,3,1,0,14,1,0,2,2
218,Matheus CunhaCentre-Forward,Matheus Cunha,,Matheus Cunha,Matheus Cunha,Centre-Forward,23,,Brazil,,Wolverhampton Wanderers,€30.00m,38,2,0,3,4,0,0,24,13
219,Eberechi EzeAttacking Midfield,Eberechi Eze,,Eberechi Eze,Eberechi Eze,Attacking Midfield,24,,England,,Crystal Palace,€30.00m,39,10,0,4,3,0,0,10,15
220,Ryan GravenberchCentral Midfield,Ryan Gravenberch,,Ryan Gravenberch,Ryan Gravenberch,Central Midfield,21,,Netherlands,,Bayern Munich,€30.00m,34,1,0,1,1,0,0,28,4
221,Brennan JohnsonAttacking Midfield,Brennan Johnson,,Brennan Johnson,Brennan Johnson,Attacking Midfield,22,,Wales,,Nottingham Forest,€30.00m,48,12,0,4,8,0,0,8,15
222,Youssoufa MoukokoCentre-Forward,Youssoufa Moukoko,,Youssoufa Moukoko,Youssoufa Moukoko,Centre-Forward,18,,Germany,,Borussia Dortmund,€30.00m,36,7,0,6,0,0,0,19,11
223,Orkun KökcüCentral Midfield,Orkun Kökcü,,Orkun Kökcü,Orkun Kökcü,Central Midfield,22,,Turkey,,Feyenoord Rotterdam,€30.00m,51,13,0,6,9,0,0,2,14
224,Morgan Gibbs-WhiteAttacking Midfield,Morgan Gibbs-White,,Morgan Gibbs-White,Morgan Gibbs-White,Attacking Midfield,23,,England,,Nottingham Forest,€30.00m,41,6,0,8,5,0,0,3,9
225,Pedro GonçalvesLeft Winger,Pedro Gonçalves,,Pedro Gonçalves,Pedro Gonçalves,Left Winger,24,,Portugal,,Sporting CP,€30.00m,50,20,0,14,10,1,0,2,14
226,Ademola LookmanSecond Striker,Ademola Lookman,,Ademola Lookman,Ademola Lookman,Second Striker,25,,Nigeria,,Atalanta BC,€30.00m,33,15,0,6,3,0,0,10,19
227,Ferran TorresLeft Winger,Ferran Torres,,Ferran Torres,Ferran Torres,Left Winger,23,,Spain,,FC Barcelona,€30.00m,49,7,0,4,7,0,1,28,13
228,Brenden AaronsonAttacking Midfield,Brenden Aaronson,,Brenden Aaronson,Brenden Aaronson,Attacking Midfield,22,,United States,,Leeds United,€30.00m,45,3,0,4,2,0,0,13,23
229,Carlos SolerCentral Midfield,Carlos Soler,,Carlos Soler,Carlos Soler,Central Midfield,26,,Spain,,Paris Saint-Germain,€30.00m,42,8,0,4,0,0,0,17,18
230,Teun KoopmeinersDefensive Midfield,Teun Koopmeiners,,Teun Koopmeiners,Teun Koopmeiners,Defensive Midfield,25,,Netherlands,,Atalanta BC,€30.00m,38,8,0,3,8,0,0,3,4
231,Daichi KamadaAttacking Midfield,Daichi Kamada,,Daichi Kamada,Daichi Kamada,Attacking Midfield,26,,Japan,,Eintracht Frankfurt,€30.00m,47,16,0,6,4,0,0,9,17
232,Joe WillockCentral Midfield,Joe Willock,,Joe Willock,Joe Willock,Central Midfield,23,,England,,Newcastle United,€30.00m,43,3,0,6,1,0,0,7,28
233,Diego CarlosCentre-Back,Diego Carlos,,Diego Carlos,Diego Carlos,Centre-Back,30,,Brazil,,Aston Villa,€30.00m,3,0,0,0,0,0,0,1,1
234,Brais MéndezAttacking Midfield,Brais Méndez,,Brais Méndez,Brais Méndez,Attacking Midfield,26,,Spain,,Real Sociedad,€30.00m,44,10,0,7,9,0,1,7,22
235,Manuel AkanjiCentre-Back,Manuel Akanji,,Manuel Akanji,Manuel Akanji,Centre-Back,27,,Switzerland,,Manchester City,€30.00m,52,1,0,2,6,0,0,8,6
236,Manuel LocatelliDefensive Midfield,Manuel Locatelli,,Manuel Locatelli,Manuel Locatelli,Defensive Midfield,25,,Italy,,Juventus FC,€30.00m,49,0,0,1,12,0,0,9,19
237,Joe GomezCentre-Back,Joe Gomez,,Joe Gomez,Joe Gomez,Centre-Back,26,,England,,Liverpool FC,€30.00m,30,0,0,1,5,0,0,8,2
238,Youri TielemansCentral Midfield,Youri Tielemans,,Youri Tielemans,Youri Tielemans,Central Midfield,26,,Belgium,,Leicester City,€30.00m,42,5,0,3,4,0,0,7,12
239,Patrik SchickCentre-Forward,Patrik Schick,,Patrik Schick,Patrik Schick,Centre-Forward,27,,Czech Republic,,Bayer 04 Leverkusen,€30.00m,25,5,0,1,0,0,0,7,6
240,OtávioAttacking Midfield,Otávio,,Otávio,Otávio,Attacking Midfield,28,,Portugal,,FC Porto,€30.00m,47,6,0,13,10,1,0,5,16
241,Paulo DybalaSecond Striker,Paulo Dybala,,Paulo Dybala,Paulo Dybala,Second Striker,29,,Argentina,,AS Roma,€30.00m,38,16,0,9,5,0,0,11,20
242,Nabil FekirAttacking Midfield,Nabil Fekir,,Nabil Fekir,Nabil Fekir,Attacking Midfield,29,,France,,Real Betis Balompié,€30.00m,20,6,0,3,6,0,1,6,8
243,Andreas ChristensenCentre-Back,Andreas Christensen,,Andreas Christensen,Andreas Christensen,Centre-Back,27,,Denmark,,FC Barcelona,€30.00m,34,1,0,1,3,0,0,4,10
244,John StonesCentre-Back,John Stones,,John Stones,John Stones,Centre-Back,28,,England,,Manchester City,€30.00m,37,3,1,3,3,1,0,4,7
245,Adrien RabiotCentral Midfield,Adrien Rabiot,,Adrien Rabiot,Adrien Rabiot,Central Midfield,28,,France,,Juventus FC,€30.00m,51,12,0,6,13,0,0,2,7
246,Seko FofanaCentral Midfield,Seko Fofana,,Seko Fofana,Seko Fofana,Central Midfield,28,,Cote d'Ivoire,,RC Lens,€30.00m,40,11,0,6,2,0,0,3,8
247,Sébastien HallerCentre-Forward,Sébastien Haller,,Sébastien Haller,Sébastien Haller,Centre-Forward,28,,Cote d'Ivoire,,Borussia Dortmund,€30.00m,21,9,0,5,1,0,0,4,16
248,Gerard MorenoCentre-Forward,Gerard Moreno,,Gerard Moreno,Gerard Moreno,Centre-Forward,31,,Spain,,Villarreal CF,€30.00m,27,11,0,5,5,0,0,10,7
249,Aymeric LaporteCentre-Back,Aymeric Laporte,,Aymeric Laporte,Aymeric Laporte,Centre-Back,28,,Spain,,Manchester City,€30.00m,24,0,0,1,1,0,0,3,4
250,Riyad MahrezRight Winger,Riyad Mahrez,,Riyad Mahrez,Riyad Mahrez,Right Winger,32,,Algeria,,Manchester City,€30.00m,49,17,0,14,2,0,0,12,19
251,Leandro TrossardLeft Winger,Leandro Trossard,,Leandro Trossard,Leandro Trossard,Left Winger,28,,Belgium,,Arsenal FC,€30.00m,45,10,0,11,1,0,0,17,22
252,Tyrick MitchellLeft-Back,Tyrick Mitchell,,Tyrick Mitchell,Tyrick Mitchell,Left-Back,23,,England,,Crystal Palace,€28.00m,37,0,0,2,5,0,1,3,6
253,Mohamed SimakanCentre-Back,Mohamed Simakan,,Mohamed Simakan,Mohamed Simakan,Centre-Back,23,,France,,RB Leipzig,€28.00m,38,3,0,8,5,0,0,8,19
254,Mohamed CamaraDefensive Midfield,Mohamed Camara,,Mohamed Camara,Mohamed Camara,Defensive Midfield,23,,Mali,,AS Monaco,€28.00m,36,0,0,3,8,0,1,4,12
255,Jesper LindströmAttacking Midfield,Jesper Lindström,,Jesper Lindström,Jesper Lindström,Attacking Midfield,23,,Denmark,,Eintracht Frankfurt,€28.00m,37,9,0,4,2,0,0,7,27
256,Giovanni ReynaAttacking Midfield,Giovanni Reyna,,Giovanni Reyna,Giovanni Reyna,Attacking Midfield,20,,United States,,Borussia Dortmund,€28.00m,32,7,0,2,2,0,0,22,11
257,Noni MaduekeRight Winger,Noni Madueke,,Noni Madueke,Noni Madueke,Right Winger,21,,England,,Chelsea FC,€28.00m,21,4,0,2,2,0,0,11,7
258,Nicolás GonzálezLeft Winger,Nicolás González,,Nicolás González,Nicolás González,Left Winger,25,,Argentina,,ACF Fiorentina,€28.00m,40,13,0,5,5,0,0,13,14
259,Bryan MbeumoRight Winger,Bryan Mbeumo,,Bryan Mbeumo,Bryan Mbeumo,Right Winger,23,,Cameroon,,Brentford FC,€28.00m,41,9,0,7,5,0,0,3,26
260,Nicolò ZanioloAttacking Midfield,Nicolò Zaniolo,,Nicolò Zaniolo,Nicolò Zaniolo,Attacking Midfield,23,,Italy,,Galatasaray,€28.00m,29,5,0,4,7,0,2,11,13
261,Guido RodríguezDefensive Midfield,Guido Rodríguez,,Guido Rodríguez,Guido Rodríguez,Defensive Midfield,29,,Argentina,,Real Betis Balompié,€28.00m,43,2,1,0,8,0,0,6,11
262,Noussair MazraouiRight-Back,Noussair Mazraoui,,Noussair Mazraoui,Noussair Mazraoui,Right-Back,25,,Morocco,,Bayern Munich,€28.00m,30,1,0,4,2,0,0,11,8
263,Denzel DumfriesRight Midfield,Denzel Dumfries,,Denzel Dumfries,Denzel Dumfries,Right Midfield,27,,Netherlands,,Inter Milan,€28.00m,53,4,1,10,5,0,0,13,18
264,Emiliano BuendíaRight Winger,Emiliano Buendía,,Emiliano Buendía,Emiliano Buendía,Right Winger,26,,Argentina,,Aston Villa,€28.00m,40,5,0,3,0,0,0,13,19
265,Hirving LozanoRight Winger,Hirving Lozano,,Hirving Lozano,Hirving Lozano,Right Winger,27,,Mexico,,SSC Napoli,€28.00m,44,6,0,4,3,0,0,18,22
266,Franck KessiéCentral Midfield,Franck Kessié,,Franck Kessié,Franck Kessié,Central Midfield,26,,Cote d'Ivoire,,FC Barcelona,€28.00m,43,4,0,3,7,0,0,26,11
267,Timothy CastagneRight-Back,Timothy Castagne,,Timothy Castagne,Timothy Castagne,Right-Back,27,,Belgium,,Leicester City,€28.00m,47,2,0,5,4,0,0,3,6
268,Gonçalo GuedesSecond Striker,Gonçalo Guedes,,Gonçalo Guedes,Gonçalo Guedes,Second Striker,26,,Portugal,,SL Benfica,€28.00m,36,5,0,1,2,0,0,18,17
269,Konrad LaimerCentral Midfield,Konrad Laimer,,Konrad Laimer,Konrad Laimer,Central Midfield,25,,Austria,,RB Leipzig,€28.00m,33,3,0,2,9,0,0,5,12
270,Kurt ZoumaCentre-Back,Kurt Zouma,,Kurt Zouma,Kurt Zouma,Centre-Back,28,,France,,West Ham United,€28.00m,31,2,0,0,0,0,0,2,5
271,Marcelo BrozovicDefensive Midfield,Marcelo Brozovic,,Marcelo Brozovic,Marcelo Brozovic,Defensive Midfield,30,,Croatia,,Inter Milan,€28.00m,45,2,0,4,11,0,0,14,12
272,Emiliano MartínezGoalkeeper,Emiliano Martínez,,Emiliano Martínez,Emiliano Martínez,Goalkeeper,30,,Argentina,,Aston Villa,€28.00m,40,0,1,0,7,0,0,0,3
273,Granit XhakaCentral Midfield,Granit Xhaka,,Granit Xhaka,Granit Xhaka,Central Midfield,30,,Switzerland,,Arsenal FC,€28.00m,55,8,0,8,10,0,0,4,13
274,Aleksandar MitrovićCentre-Forward,Aleksandar Mitrović,,Aleksandar Mitrović,Aleksandar Mitrović,Centre-Forward,28,,Serbia,,Fulham FC,€28.00m,34,21,0,4,8,0,1,3,14
275,Rayan CherkiAttacking Midfield,Rayan Cherki,,Rayan Cherki,Rayan Cherki,Attacking Midfield,19,,France,,Olympique Lyon,€27.00m,42,5,0,7,3,0,0,17,13
276,Michael OliseRight Winger,Michael Olise,,Michael Olise,Michael Olise,Right Winger,21,,France,,Crystal Palace,€27.00m,42,2,0,11,3,0,0,6,16
277,Fábio VieiraAttacking Midfield,Fábio Vieira,,Fábio Vieira,Fábio Vieira,Attacking Midfield,22,,Portugal,,Arsenal FC,€27.00m,36,3,0,8,1,0,0,20,12
278,Charles De KetelaereAttacking Midfield,Charles De Ketelaere,,Charles De Ketelaere,Charles De Ketelaere,Attacking Midfield,22,,Belgium,,AC Milan,€27.00m,43,0,0,1,3,0,0,30,12
279,Arnaut DanjumaLeft Winger,Arnaut Danjuma,,Arnaut Danjuma,Arnaut Danjuma,Left Winger,26,,Netherlands,,Tottenham Hotspur,€27.00m,29,8,0,0,0,0,0,18,9
280,MalcomRight Winger,Malcom,,Malcom,Malcom,Right Winger,26,,Brazil,,Zenit St. Petersburg,€27.00m,33,26,0,9,2,0,1,2,17
281,Gianluca ScamaccaCentre-Forward,Gianluca Scamacca,,Gianluca Scamacca,Gianluca Scamacca,Centre-Forward,24,,Italy,,West Ham United,€27.00m,34,8,0,0,4,0,0,15,16
282,John McGinnCentral Midfield,John McGinn,,John McGinn,John McGinn,Central Midfield,28,,Scotland,,Aston Villa,€27.00m,44,5,0,5,6,0,0,4,11
283,Wilfried ZahaLeft Winger,Wilfried Zaha,,Wilfried Zaha,Wilfried Zaha,Left Winger,30,,Cote d'Ivoire,,Crystal Palace,€27.00m,31,7,0,3,6,0,0,1,7
284,Eljif ElmasCentral Midfield,Eljif Elmas,,Eljif Elmas,Eljif Elmas,Central Midfield,23,,North Macedonia,,SSC Napoli,€26.00m,56,7,0,3,9,0,0,31,16
285,Alejandro GarnachoLeft Winger,Alejandro Garnacho,,Alejandro Garnacho,Alejandro Garnacho,Left Winger,18,,Argentina,,Manchester United,€25.00m,34,6,0,6,6,0,0,21,12
286,DaniloDefensive Midfield,Danilo,,Danilo,Danilo,Defensive Midfield,22,,Brazil,,Nottingham Forest,€25.00m,15,3,0,2,1,0,0,2,8
287,Hugo EkitikéCentre-Forward,Hugo Ekitiké,,Hugo Ekitiké,Hugo Ekitiké,Centre-Forward,20,,France,,Paris Saint-Germain,€25.00m,32,4,0,4,0,0,0,18,13
288,Nico WilliamsRight Winger,Nico Williams,,Nico Williams,Nico Williams,Right Winger,20,,Spain,,Athletic Bilbao,€25.00m,45,10,0,7,3,0,0,9,25
289,Piero HincapiéCentre-Back,Piero Hincapié,,Piero Hincapié,Piero Hincapié,Centre-Back,21,,Ecuador,,Bayer 04 Leverkusen,€25.00m,46,1,0,1,14,2,1,3,9
290,Elye WahiCentre-Forward,Elye Wahi,,Elye Wahi,Elye Wahi,Centre-Forward,20,,France,,Montpellier HSC,€25.00m,36,18,0,6,8,0,1,7,19
291,António SilvaCentre-Back,António Silva,,António Silva,António Silva,Centre-Back,19,,Portugal,,SL Benfica,€25.00m,49,5,0,0,7,0,0,1,5
292,Roméo LaviaDefensive Midfield,Roméo Lavia,,Roméo Lavia,Roméo Lavia,Defensive Midfield,19,,Belgium,,Southampton FC,€25.00m,34,1,0,1,10,0,0,5,15
293,Malo GustoRight-Back,Malo Gusto,,Malo Gusto,Malo Gusto,Right-Back,20,,France,,Olympique Lyon,€25.00m,23,0,1,1,1,0,0,2,9
294,Arnaud KalimuendoCentre-Forward,Arnaud Kalimuendo,,Arnaud Kalimuendo,Arnaud Kalimuendo,Centre-Forward,21,,France,,Stade Rennais FC,€25.00m,41,7,0,5,0,0,0,10,28
295,Anthony ElangaLeft Winger,Anthony Elanga,,Anthony Elanga,Anthony Elanga,Left Winger,21,,Sweden,,Manchester United,€25.00m,34,2,0,2,0,0,0,25,9
296,Youssouf FofanaCentral Midfield,Youssouf Fofana,,Youssouf Fofana,Youssouf Fofana,Central Midfield,24,,France,,AS Monaco,€25.00m,48,2,1,2,3,1,1,4,3
297,Gonçalo InácioCentre-Back,Gonçalo Inácio,,Gonçalo Inácio,Gonçalo Inácio,Centre-Back,21,,Portugal,,Sporting CP,€25.00m,54,3,0,4,5,0,0,9,5
298,Max KilmanCentre-Back,Max Kilman,,Max Kilman,Max Kilman,Centre-Back,26,,England,,Wolverhampton Wanderers,€25.00m,40,0,0,0,4,0,0,0,0
299,Tino LivramentoRight-Back,Tino Livramento,,Tino Livramento,Tino Livramento,Right-Back,20,,England,,Southampton FC,€25.00m,2,0,0,0,0,0,0,1,1
300,Folarin BalogunCentre-Forward,Folarin Balogun,,Folarin Balogun,Folarin Balogun,Centre-Forward,21,,United States,,Stade Reims,€25.00m,39,22,0,3,5,0,0,4,18
301,Giorgi MamardashviliGoalkeeper,Giorgi Mamardashvili,,Giorgi Mamardashvili,Giorgi Mamardashvili,Goalkeeper,22,,Georgia,,Valencia CF,€25.00m,44,0,0,0,3,0,0,1,1
302,Juan FoythRight-Back,Juan Foyth,,Juan Foyth,Juan Foyth,Right-Back,25,,Argentina,,Villarreal CF,€25.00m,31,1,0,2,6,0,0,5,7
303,Manuel UgarteDefensive Midfield,Manuel Ugarte,,Manuel Ugarte,Manuel Ugarte,Defensive Midfield,22,,Uruguay,,Sporting CP,€25.00m,50,0,0,1,16,1,0,6,27
304,Emerson RoyalRight-Back,Emerson Royal,,Emerson Royal,Emerson Royal,Right-Back,24,,Brazil,,Tottenham Hotspur,€25.00m,36,2,0,1,3,0,1,9,10
305,Kiernan Dewsbury-HallCentral Midfield,Kiernan Dewsbury-Hall,,Kiernan Dewsbury-Hall,Kiernan Dewsbury-Hall,Central Midfield,24,,England,,Leicester City,€25.00m,33,2,0,2,3,1,0,4,10
306,Mattéo GuendouziCentral Midfield,Mattéo Guendouzi,,Mattéo Guendouzi,Mattéo Guendouzi,Central Midfield,24,,France,,Olympique Marseille,€25.00m,44,5,1,5,6,0,0,10,15
307,Tanguy NdombéléCentral Midfield,Tanguy Ndombélé,,Tanguy Ndombélé,Tanguy Ndombélé,Central Midfield,26,,France,,SSC Napoli,€25.00m,40,2,0,1,5,0,0,28,11
308,James JustinRight-Back,James Justin,,James Justin,James Justin,Right-Back,25,,England,,Leicester City,€25.00m,16,1,0,1,0,0,0,0,4
309,Yves BissoumaCentral Midfield,Yves Bissouma,,Yves Bissouma,Yves Bissouma,Central Midfield,26,,Mali,,Tottenham Hotspur,€25.00m,28,0,0,0,7,0,0,17,5
310,Maxence CaqueretCentral Midfield,Maxence Caqueret,,Maxence Caqueret,Maxence Caqueret,Central Midfield,23,,France,,Olympique Lyon,€25.00m,41,3,0,7,2,0,0,5,16
311,Boubacar KamaraDefensive Midfield,Boubacar Kamara,,Boubacar Kamara,Boubacar Kamara,Defensive Midfield,23,,France,,Aston Villa,€25.00m,28,0,0,1,4,0,0,4,9
312,Leon BaileyLeft Winger,Leon Bailey,,Leon Bailey,Leon Bailey,Left Winger,25,,Jamaica,,Aston Villa,€25.00m,40,6,0,4,5,0,0,10,21
313,Axel DisasiCentre-Back,Axel Disasi,,Axel Disasi,Axel Disasi,Centre-Back,25,,France,,AS Monaco,€25.00m,47,6,0,4,3,0,0,1,1
314,TetêRight Winger,Tetê,,Tetê,Tetê,Right Winger,23,,Brazil,,Leicester City,€25.00m,33,7,0,5,3,0,0,7,22
315,Pablo FornalsAttacking Midfield,Pablo Fornals,,Pablo Fornals,Pablo Fornals,Attacking Midfield,27,,Spain,,West Ham United,€25.00m,48,6,0,2,0,0,0,24,20
316,Kyle Walker-PetersRight-Back,Kyle Walker-Peters,,Kyle Walker-Peters,Kyle Walker-Peters,Right-Back,26,,England,,Southampton FC,€25.00m,37,1,0,0,6,0,0,3,7
317,Merih DemiralCentre-Back,Merih Demiral,,Merih Demiral,Merih Demiral,Centre-Back,25,,Turkey,,Atalanta BC,€25.00m,32,2,0,0,6,0,0,14,3
318,Eddie NketiahCentre-Forward,Eddie Nketiah,,Eddie Nketiah,Eddie Nketiah,Centre-Forward,23,,England,,Arsenal FC,€25.00m,38,9,0,2,3,0,0,20,3
319,Takehiro TomiyasuRight-Back,Takehiro Tomiyasu,,Takehiro Tomiyasu,Takehiro Tomiyasu,Right-Back,24,,Japan,,Arsenal FC,€25.00m,32,0,0,2,2,0,0,18,9
320,Scott McTominayDefensive Midfield,Scott McTominay,,Scott McTominay,Scott McTominay,Defensive Midfield,26,,Scotland,,Manchester United,€25.00m,44,7,0,1,13,0,0,22,7
321,Marcus EdwardsRight Winger,Marcus Edwards,,Marcus Edwards,Marcus Edwards,Right Winger,24,,England,,Sporting CP,€25.00m,50,12,0,14,5,0,0,5,34
322,Dominic Calvert-LewinCentre-Forward,Dominic Calvert-Lewin,,Dominic Calvert-Lewin,Dominic Calvert-Lewin,Centre-Forward,26,,England,,Everton FC,€25.00m,18,2,0,1,3,0,0,3,11
323,Kieran TierneyLeft-Back,Kieran Tierney,,Kieran Tierney,Kieran Tierney,Left-Back,25,,Scotland,,Arsenal FC,€25.00m,40,1,0,2,2,0,0,20,12
324,Marco AsensioRight Winger,Marco Asensio,,Marco Asensio,Marco Asensio,Right Winger,27,,Spain,,Real Madrid,€25.00m,54,12,0,12,1,0,0,33,11
325,Sofyan AmrabatDefensive Midfield,Sofyan Amrabat,,Sofyan Amrabat,Sofyan Amrabat,Defensive Midfield,26,,Morocco,,ACF Fiorentina,€25.00m,51,0,0,1,16,0,0,9,19
326,Mattia ZaccagniLeft Winger,Mattia Zaccagni,,Mattia Zaccagni,Mattia Zaccagni,Left Winger,27,,Italy,,SS Lazio,€25.00m,43,10,0,10,12,0,0,2,19
327,Borja IglesiasCentre-Forward,Borja Iglesias,,Borja Iglesias,Borja Iglesias,Centre-Forward,30,,Spain,,Real Betis Balompié,€25.00m,42,13,0,5,1,0,1,14,22
328,Aleksandr GolovinAttacking Midfield,Aleksandr Golovin,,Aleksandr Golovin,Aleksandr Golovin,Attacking Midfield,26,,Russia,,AS Monaco,€25.00m,44,8,0,8,7,0,0,6,30
329,David RayaGoalkeeper,David Raya,,David Raya,David Raya,Goalkeeper,27,,Spain,,Brentford FC,€25.00m,39,0,1,0,1,0,0,1,0
330,Unai SimónGoalkeeper,Unai Simón,,Unai Simón,Unai Simón,Goalkeeper,25,,Spain,,Athletic Bilbao,€25.00m,35,0,0,0,2,0,0,0,1
331,Amir RrahmaniCentre-Back,Amir Rrahmani,,Amir Rrahmani,Amir Rrahmani,Centre-Back,29,,Kosovo,,SSC Napoli,€25.00m,41,2,0,1,4,0,0,2,4
332,Iñaki WilliamsCentre-Forward,Iñaki Williams,,Iñaki Williams,Iñaki Williams,Centre-Forward,28,,Ghana,,Athletic Bilbao,€25.00m,42,11,0,5,2,0,0,6,22
333,Tyrone MingsCentre-Back,Tyrone Mings,,Tyrone Mings,Tyrone Mings,Centre-Back,30,,England,,Aston Villa,€25.00m,36,1,1,2,6,0,0,1,0
334,Enes ÜnalCentre-Forward,Enes Ünal,,Enes Ünal,Enes Ünal,Centre-Forward,26,,Turkey,,Getafe CF,€25.00m,43,16,0,7,6,0,0,1,21
335,Alex IwobiAttacking Midfield,Alex Iwobi,,Alex Iwobi,Alex Iwobi,Attacking Midfield,27,,Nigeria,,Everton FC,€25.00m,42,2,0,9,2,0,0,1,5
336,Reinildo MandavaLeft-Back,Reinildo Mandava,,Reinildo Mandava,Reinildo Mandava,Left-Back,29,,Mozambique,,Atlético de Madrid,€25.00m,33,0,0,0,7,0,0,2,5
337,Álex RemiroGoalkeeper,Álex Remiro,,Álex Remiro,Álex Remiro,Goalkeeper,28,,Spain,,Real Sociedad,€25.00m,47,0,0,0,1,0,0,0,0
338,Mario PasalicAttacking Midfield,Mario Pasalic,,Mario Pasalic,Mario Pasalic,Attacking Midfield,28,,Croatia,,Atalanta BC,€25.00m,40,5,0,4,3,0,0,11,27
339,Thomas LemarAttacking Midfield,Thomas Lemar,,Thomas Lemar,Thomas Lemar,Attacking Midfield,27,,France,,Atlético de Madrid,€25.00m,31,1,0,3,2,0,0,10,21
340,Ruben Loftus-CheekCentral Midfield,Ruben Loftus-Cheek,,Ruben Loftus-Cheek,Ruben Loftus-Cheek,Central Midfield,27,,England,,Chelsea FC,€25.00m,31,0,1,2,1,0,0,10,12
341,Federico DimarcoLeft-Back,Federico Dimarco,,Federico Dimarco,Federico Dimarco,Left-Back,25,,Italy,,Inter Milan,€25.00m,55,7,0,11,3,0,0,13,36
342,Alejandro GrimaldoLeft-Back,Alejandro Grimaldo,,Alejandro Grimaldo,Alejandro Grimaldo,Left-Back,27,,Spain,,SL Benfica,€25.00m,53,7,0,16,5,0,0,0,10
343,Harry MaguireCentre-Back,Harry Maguire,,Harry Maguire,Harry Maguire,Centre-Back,30,,England,,Manchester United,€25.00m,38,0,1,0,11,0,0,16,0
344,Eric DierCentre-Back,Eric Dier,,Eric Dier,Eric Dier,Centre-Back,29,,England,,Tottenham Hotspur,€25.00m,44,2,0,1,8,0,0,2,2
345,Timo WernerCentre-Forward,Timo Werner,,Timo Werner,Timo Werner,Centre-Forward,27,,Germany,,RB Leipzig,€25.00m,44,18,0,8,4,0,0,7,26
346,Giovanni Di LorenzoRight-Back,Giovanni Di Lorenzo,,Giovanni Di Lorenzo,Giovanni Di Lorenzo,Right-Back,29,,Italy,,SSC Napoli,€25.00m,53,6,0,6,7,0,0,1,6
347,Yannick CarrascoLeft Winger,Yannick Carrasco,,Yannick Carrasco,Yannick Carrasco,Left Winger,29,,Belgium,,Atlético de Madrid,€25.00m,49,9,0,7,4,0,0,15,24
348,Jordan PickfordGoalkeeper,Jordan Pickford,,Jordan Pickford,Jordan Pickford,Goalkeeper,29,,England,,Everton FC,€25.00m,41,0,0,1,4,0,0,0,0
349,Álvaro MorataCentre-Forward,Álvaro Morata,,Álvaro Morata,Álvaro Morata,Centre-Forward,30,,Spain,,Atlético de Madrid,€25.00m,50,17,0,3,5,0,0,14,31
350,Antoine GriezmannSecond Striker,Antoine Griezmann,,Antoine Griezmann,Antoine Griezmann,Second Striker,32,,France,,Atlético de Madrid,€25.00m,53,15,0,17,3,0,0,11,15
351,Kalidou KoulibalyCentre-Back,Kalidou Koulibaly,,Kalidou Koulibaly,Kalidou Koulibaly,Centre-Back,31,,Senegal,,Chelsea FC,€25.00m,34,2,0,1,8,1,0,3,4
352,Christian EriksenCentral Midfield,Christian Eriksen,,Christian Eriksen,Christian Eriksen,Central Midfield,31,,Denmark,,Manchester United,€25.00m,47,3,0,10,3,0,0,7,24
353,Ilkay GündoganCentral Midfield,Ilkay Gündogan,,Ilkay Gündogan,Ilkay Gündogan,Central Midfield,32,,Germany,,Manchester City,€25.00m,55,11,0,7,5,0,0,8,21
354,João PedroCentre-Forward,João Pedro,,João Pedro,João Pedro,Centre-Forward,21,,Brazil,,Watford FC,€24.00m,35,11,0,4,7,0,0,4,9
355,Nahuel MolinaRight-Back,Nahuel Molina,,Nahuel Molina,Nahuel Molina,Right-Back,25,,Argentina,,Atlético de Madrid,€24.00m,44,3,0,4,8,0,1,2,6
356,Steven BergwijnLeft Winger,Steven Bergwijn,,Steven Bergwijn,Steven Bergwijn,Left Winger,25,,Netherlands,,Ajax Amsterdam,€24.00m,50,18,0,7,3,0,0,6,26
357,Filip KosticLeft Midfield,Filip Kostic,,Filip Kostic,Filip Kostic,Left Midfield,30,,Serbia,,Juventus FC,€24.00m,60,3,0,14,5,0,0,10,32
358,RafaSecond Striker,Rafa,,Rafa,Rafa,Second Striker,30,,Portugal,,SL Benfica,€23.00m,46,13,0,12,8,0,0,3,27
359,Kamaldeen SulemanaLeft Winger,Kamaldeen Sulemana,,Kamaldeen Sulemana,Kamaldeen Sulemana,Left Winger,21,,Ghana,,Southampton FC,€22.00m,39,1,0,4,3,0,0,25,11
360,EvanilsonCentre-Forward,Evanilson,,Evanilson,Evanilson,Centre-Forward,23,,Brazil,,FC Porto,€22.00m,39,9,1,9,3,0,0,14,25
361,VitinhaCentre-Forward,Vitinha,,Vitinha,Vitinha,Centre-Forward,23,,Portugal,,Olympique Marseille,€22.00m,45,16,0,7,4,0,0,19,17
362,Rayan Aït-NouriLeft-Back,Rayan Aït-Nouri,,Rayan Aït-Nouri,Rayan Aït-Nouri,Left-Back,21,,Algeria,,Wolverhampton Wanderers,€22.00m,26,2,1,1,4,0,0,12,7
363,Destiny UdogieLeft-Back,Destiny Udogie,,Destiny Udogie,Destiny Udogie,Left-Back,20,,Italy,,Udinese Calcio,€22.00m,36,3,0,4,5,0,0,4,12
364,Illan MeslierGoalkeeper,Illan Meslier,,Illan Meslier,Illan Meslier,Goalkeeper,23,,France,,Leeds United,€22.00m,40,0,0,0,3,0,0,0,0
365,Georginio RutterCentre-Forward,Georginio Rutter,,Georginio Rutter,Georginio Rutter,Centre-Forward,21,,France,,Leeds United,€22.00m,34,3,0,3,2,0,0,15,14
366,PepêLeft Winger,Pepê,,Pepê,Pepê,Left Winger,26,,Brazil,,FC Porto,€22.00m,53,5,0,9,5,1,0,9,18
367,Luis SinisterraLeft Winger,Luis Sinisterra,,Luis Sinisterra,Luis Sinisterra,Left Winger,23,,Colombia,,Leeds United,€22.00m,24,10,0,1,1,1,0,9,14
368,Kaoru MitomaLeft Winger,Kaoru Mitoma,,Kaoru Mitoma,Kaoru Mitoma,Left Winger,26,,Japan,,Brighton & Hove Albion,€22.00m,41,11,0,8,1,0,0,10,13
369,Yunus MusahCentral Midfield,Yunus Musah,,Yunus Musah,Yunus Musah,Central Midfield,20,,United States,,Valencia CF,€22.00m,39,0,0,2,11,0,0,8,22
370,WendelCentral Midfield,Wendel,,Wendel,Wendel,Central Midfield,25,,Brazil,,Zenit St. Petersburg,€22.00m,33,9,0,5,4,0,0,3,19
371,Hugo GuillamónDefensive Midfield,Hugo Guillamón,,Hugo Guillamón,Hugo Guillamón,Defensive Midfield,23,,Spain,,Valencia CF,€22.00m,31,1,1,4,6,0,0,8,12
372,Aaron Wan-BissakaRight-Back,Aaron Wan-Bissaka,,Aaron Wan-Bissaka,Aaron Wan-Bissaka,Right-Back,25,,England,,Manchester United,€22.00m,32,0,0,1,2,0,0,6,9
373,David NeresRight Winger,David Neres,,David Neres,David Neres,Right Winger,26,,Brazil,,SL Benfica,€22.00m,47,12,0,15,5,0,0,13,27
374,Nathan CollinsCentre-Back,Nathan Collins,,Nathan Collins,Nathan Collins,Centre-Back,22,,Ireland,,Wolverhampton Wanderers,€22.00m,40,1,0,1,3,0,1,7,0
375,PedroCentre-Forward,Pedro,,Pedro,Pedro,Centre-Forward,25,,Brazil,,CR Flamengo,€22.00m,25,23,0,3,4,0,0,3,11
376,Matty CashRight-Back,Matty Cash,,Matty Cash,Matty Cash,Right-Back,25,,Poland,,Aston Villa,€22.00m,31,1,0,1,3,0,0,8,7
377,Jack HarrisonLeft Winger,Jack Harrison,,Jack Harrison,Jack Harrison,Left Winger,26,,England,,Leeds United,€22.00m,39,5,0,10,2,0,0,3,24
378,Ezri KonsaCentre-Back,Ezri Konsa,,Ezri Konsa,Ezri Konsa,Centre-Back,25,,England,,Aston Villa,€22.00m,38,0,0,0,6,0,0,1,2
379,Vitaliy MykolenkoLeft-Back,Vitaliy Mykolenko,,Vitaliy Mykolenko,Vitaliy Mykolenko,Left-Back,23,,Ukraine,,Everton FC,€22.00m,41,1,0,0,5,0,0,5,5
380,Davide FrattesiCentral Midfield,Davide Frattesi,,Davide Frattesi,Davide Frattesi,Central Midfield,23,,Italy,,US Sassuolo,€22.00m,41,7,0,0,4,0,0,2,23
381,Ryan SessegnonLeft Midfield,Ryan Sessegnon,,Ryan Sessegnon,Ryan Sessegnon,Left Midfield,23,,England,,Tottenham Hotspur,€22.00m,25,2,0,1,5,0,0,10,10
382,Hamed Junior TraorèAttacking Midfield,Hamed Junior Traorè,,Hamed Junior Traorè,Hamed Junior Traorè,Attacking Midfield,23,,Cote d'Ivoire,,AFC Bournemouth,€22.00m,18,0,0,3,1,0,0,7,9
383,Noah OkaforCentre-Forward,Noah Okafor,,Noah Okafor,Noah Okafor,Centre-Forward,22,,Switzerland,,Red Bull Salzburg,€22.00m,39,11,0,6,3,0,0,18,20
384,Ché AdamsCentre-Forward,Ché Adams,,Ché Adams,Ché Adams,Centre-Forward,26,,Scotland,,Southampton FC,€22.00m,42,11,0,4,2,0,0,9,18
385,Sean LongstaffCentral Midfield,Sean Longstaff,,Sean Longstaff,Sean Longstaff,Central Midfield,25,,England,,Newcastle United,€22.00m,41,3,0,4,3,0,0,5,7
386,Trevoh ChalobahCentre-Back,Trevoh Chalobah,,Trevoh Chalobah,Trevoh Chalobah,Centre-Back,23,,England,,Chelsea FC,€22.00m,32,0,1,0,5,0,0,9,3
387,Nicolas PépéRight Winger,Nicolas Pépé,,Nicolas Pépé,Nicolas Pépé,Right Winger,27,,Cote d'Ivoire,,OGC Nice,€22.00m,31,9,0,2,4,0,0,6,11
388,Rico HenryLeft-Back,Rico Henry,,Rico Henry,Rico Henry,Left-Back,25,,England,,Brentford FC,€22.00m,38,0,0,2,4,0,0,1,9
389,Tyrell MalaciaLeft-Back,Tyrell Malacia,,Tyrell Malacia,Tyrell Malacia,Left-Back,23,,Netherlands,,Manchester United,€22.00m,42,0,1,1,8,0,0,12,9
390,Saïd BenrahmaLeft Winger,Saïd Benrahma,,Saïd Benrahma,Saïd Benrahma,Left Winger,27,,Algeria,,West Ham United,€22.00m,52,11,0,5,0,0,0,20,22
391,Viktor TsygankovRight Winger,Viktor Tsygankov,,Viktor Tsygankov,Viktor Tsygankov,Right Winger,25,,Ukraine,,Girona FC,€22.00m,45,13,0,11,4,0,0,6,13
392,Dean HendersonGoalkeeper,Dean Henderson,,Dean Henderson,Dean Henderson,Goalkeeper,26,,England,,Nottingham Forest,€22.00m,20,0,0,0,2,0,0,0,0
393,Breel EmboloCentre-Forward,Breel Embolo,,Breel Embolo,Breel Embolo,Centre-Forward,26,,Switzerland,,AS Monaco,€22.00m,47,16,0,4,4,0,0,19,16
394,Xaver SchlagerCentral Midfield,Xaver Schlager,,Xaver Schlager,Xaver Schlager,Central Midfield,25,,Austria,,RB Leipzig,€22.00m,39,3,0,2,4,0,0,6,11
395,Adam WebsterCentre-Back,Adam Webster,,Adam Webster,Adam Webster,Centre-Back,28,,England,,Brighton & Hove Albion,€22.00m,32,0,1,1,2,0,0,6,7
396,Djibril SowCentral Midfield,Djibril Sow,,Djibril Sow,Djibril Sow,Central Midfield,26,,Switzerland,,Eintracht Frankfurt,€22.00m,51,4,1,0,11,0,0,4,11
397,James TarkowskiCentre-Back,James Tarkowski,,James Tarkowski,James Tarkowski,Centre-Back,30,,England,,Everton FC,€22.00m,39,1,0,1,6,0,0,1,0
398,Roberto FirminoCentre-Forward,Roberto Firmino,,Roberto Firmino,Roberto Firmino,Centre-Forward,31,,Brazil,,Liverpool FC,€22.00m,34,12,0,5,0,0,0,17,13
399,Weston McKennieCentral Midfield,Weston McKennie,,Weston McKennie,Weston McKennie,Central Midfield,24,,United States,,Leeds United,€21.00m,45,5,0,4,8,0,0,7,18
400,Gabriel BarbosaCentre-Forward,Gabriel Barbosa,,Gabriel Barbosa,Gabriel Barbosa,Centre-Forward,26,,Brazil,,CR Flamengo,€21.00m,28,14,0,2,9,0,0,2,7
401,EndrickCentre-Forward,Endrick,,Endrick,Endrick,Centre-Forward,16,,Brazil,,Sociedade Esportiva Palmeiras,€20.00m,22,4,0,1,3,0,0,10,12
402,Dango OuattaraRight Winger,Dango Ouattara,,Dango Ouattara,Dango Ouattara,Right Winger,21,,Burkina Faso,,AFC Bournemouth,€20.00m,39,8,0,9,4,1,0,5,13
403,Mathys TelCentre-Forward,Mathys Tel,,Mathys Tel,Mathys Tel,Centre-Forward,18,,France,,Bayern Munich,€20.00m,35,11,0,4,4,0,0,26,4
404,Odilon KossounouCentre-Back,Odilon Kossounou,,Odilon Kossounou,Odilon Kossounou,Centre-Back,22,,Cote d'Ivoire,,Bayer 04 Leverkusen,€20.00m,36,0,0,1,5,0,0,10,6
405,Benjamin SeskoCentre-Forward,Benjamin Sesko,,Benjamin Sesko,Benjamin Sesko,Centre-Forward,19,,Slovenia,,Red Bull Salzburg,€20.00m,50,22,0,6,1,0,0,13,19
406,Castello LukebaCentre-Back,Castello Lukeba,,Castello Lukeba,Castello Lukeba,Centre-Back,20,,France,,Olympique Lyon,€20.00m,42,2,1,0,6,1,0,5,0
407,ÉdersonCentral Midfield,Éderson,,Éderson,Éderson,Central Midfield,23,,Brazil,,Atalanta BC,€20.00m,35,1,0,1,5,0,0,11,14
408,Thiago AlmadaAttacking Midfield,Thiago Almada,,Thiago Almada,Thiago Almada,Attacking Midfield,22,,Argentina,,Atlanta United FC,€20.00m,14,7,0,7,2,0,0,2,1
409,Strahinja PavlovicCentre-Back,Strahinja Pavlovic,,Strahinja Pavlovic,Strahinja Pavlovic,Centre-Back,21,,Serbia,,Red Bull Salzburg,€20.00m,40,2,0,4,14,1,0,1,4
410,Fábio CarvalhoAttacking Midfield,Fábio Carvalho,,Fábio Carvalho,Fábio Carvalho,Attacking Midfield,20,,Portugal,,Liverpool FC,€20.00m,22,3,0,0,0,0,0,13,7
411,Álex BaenaLeft Winger,Álex Baena,,Álex Baena,Álex Baena,Left Winger,21,,Spain,,Villarreal CF,€20.00m,50,12,0,6,16,1,0,15,18
412,Terem MoffiCentre-Forward,Terem Moffi,,Terem Moffi,Terem Moffi,Centre-Forward,23,,Nigeria,,OGC Nice,€20.00m,38,21,0,2,3,0,0,2,21
413,Luka SucicAttacking Midfield,Luka Sucic,,Luka Sucic,Luka Sucic,Attacking Midfield,20,,Croatia,,Red Bull Salzburg,€20.00m,28,0,0,4,5,0,0,6,13
414,Renan LodiLeft-Back,Renan Lodi,,Renan Lodi,Renan Lodi,Left-Back,25,,Brazil,,Nottingham Forest,€20.00m,32,1,0,1,7,0,0,3,11
415,Kevin SchadeRight Winger,Kevin Schade,,Kevin Schade,Kevin Schade,Right Winger,21,,Germany,,Brentford FC,€20.00m,31,2,0,3,3,0,0,21,9
416,Armel Bella-KotchapCentre-Back,Armel Bella-Kotchap,,Armel Bella-Kotchap,Armel Bella-Kotchap,Centre-Back,21,,Germany,,Southampton FC,€20.00m,28,0,0,2,4,0,0,2,7
417,GalenoLeft Winger,Galeno,,Galeno,Galeno,Left Winger,25,,Brazil,,FC Porto,€20.00m,50,15,0,6,5,0,0,16,22
418,Maxence LacroixCentre-Back,Maxence Lacroix,,Maxence Lacroix,Maxence Lacroix,Centre-Back,23,,France,,VfL Wolfsburg,€20.00m,26,1,0,0,1,0,0,6,6
419,Nicolò FagioliCentral Midfield,Nicolò Fagioli,,Nicolò Fagioli,Nicolò Fagioli,Central Midfield,22,,Italy,,Juventus FC,€20.00m,41,3,0,6,4,0,0,14,15
420,Jakub KiwiorCentre-Back,Jakub Kiwior,,Jakub Kiwior,Jakub Kiwior,Centre-Back,23,,Poland,,Arsenal FC,€20.00m,35,0,0,0,3,0,0,2,7
421,Caio HenriqueLeft-Back,Caio Henrique,,Caio Henrique,Caio Henrique,Left-Back,25,,Brazil,,AS Monaco,€20.00m,43,1,1,10,4,0,0,4,6
422,Perr SchuursCentre-Back,Perr Schuurs,,Perr Schuurs,Perr Schuurs,Centre-Back,23,,Netherlands,,Torino FC,€20.00m,34,1,0,2,5,0,0,4,7
423,Nikola MilenkovicCentre-Back,Nikola Milenkovic,,Nikola Milenkovic,Nikola Milenkovic,Centre-Back,25,,Serbia,,ACF Fiorentina,€20.00m,46,3,1,2,8,0,0,6,4
424,Pascal StruijkLeft-Back,Pascal Struijk,,Pascal Struijk,Pascal Struijk,Left-Back,23,,Netherlands,,Leeds United,€20.00m,30,2,0,1,5,0,0,4,5
425,Ismaïla SarrRight Winger,Ismaïla Sarr,,Ismaïla Sarr,Ismaïla Sarr,Right Winger,25,,Senegal,,Watford FC,€20.00m,40,10,0,6,0,0,0,3,17
426,Nicolas SeiwaldCentral Midfield,Nicolas Seiwald,,Nicolas Seiwald,Nicolas Seiwald,Central Midfield,22,,Austria,,Red Bull Salzburg,€20.00m,50,4,0,3,5,0,0,4,6
427,David HanckoCentre-Back,David Hancko,,David Hancko,David Hancko,Centre-Back,25,,Slovakia,,Feyenoord Rotterdam,€20.00m,54,5,0,6,4,0,0,0,5
428,Samuel ChukwuezeRight Winger,Samuel Chukwueze,,Samuel Chukwueze,Samuel Chukwueze,Right Winger,24,,Nigeria,,Villarreal CF,€20.00m,48,13,0,11,2,0,0,11,23
429,Lovro MajerAttacking Midfield,Lovro Majer,,Lovro Majer,Lovro Majer,Attacking Midfield,25,,Croatia,,Stade Rennais FC,€20.00m,48,3,0,7,4,0,0,20,21
430,Arthur TheateCentre-Back,Arthur Theate,,Arthur Theate,Arthur Theate,Centre-Back,22,,Belgium,,Stade Rennais FC,€20.00m,44,5,1,1,8,0,0,0,4
431,Loïs OpendaCentre-Forward,Loïs Openda,,Loïs Openda,Loïs Openda,Centre-Forward,23,,Belgium,,RC Lens,€20.00m,46,21,0,3,1,0,0,16,25
432,Patson DakaCentre-Forward,Patson Daka,,Patson Daka,Patson Daka,Centre-Forward,24,,Zambia,,Leicester City,€20.00m,37,4,0,4,2,0,0,20,14
433,Moise KeanCentre-Forward,Moise Kean,,Moise Kean,Moise Kean,Centre-Forward,23,,Italy,,Juventus FC,€20.00m,38,8,0,0,6,0,1,23,15
434,FlorentinoDefensive Midfield,Florentino,,Florentino,Florentino,Defensive Midfield,23,,Portugal,,SL Benfica,€20.00m,53,0,0,3,8,0,0,9,17
435,Alban LafontGoalkeeper,Alban Lafont,,Alban Lafont,Alban Lafont,Goalkeeper,24,,France,,FC Nantes,€20.00m,46,0,0,0,1,1,0,1,0
436,Pervis EstupiñánLeft-Back,Pervis Estupiñán,,Pervis Estupiñán,Pervis Estupiñán,Left-Back,25,,Ecuador,,Brighton & Hove Albion,€20.00m,42,2,0,8,6,0,0,5,12
437,Nordi MukieleRight-Back,Nordi Mukiele,,Nordi Mukiele,Nordi Mukiele,Right-Back,25,,France,,Paris Saint-Germain,€20.00m,25,0,0,3,0,0,0,11,5
438,Boubakary SoumaréDefensive Midfield,Boubakary Soumaré,,Boubakary Soumaré,Boubakary Soumaré,Defensive Midfield,24,,France,,Leicester City,€20.00m,28,0,0,0,9,0,0,6,13
439,Davinson SánchezCentre-Back,Davinson Sánchez,,Davinson Sánchez,Davinson Sánchez,Centre-Back,26,,Colombia,,Tottenham Hotspur,€20.00m,26,1,0,0,2,0,0,12,4
440,Denis ZakariaDefensive Midfield,Denis Zakaria,,Denis Zakaria,Denis Zakaria,Defensive Midfield,26,,Switzerland,,Chelsea FC,€20.00m,18,1,0,1,1,0,0,7,7
441,Tyler AdamsDefensive Midfield,Tyler Adams,,Tyler Adams,Tyler Adams,Defensive Midfield,24,,United States,,Leeds United,€20.00m,28,0,0,0,6,1,0,0,2
442,Christoph BaumgartnerAttacking Midfield,Christoph Baumgartner,,Christoph Baumgartner,Christoph Baumgartner,Attacking Midfield,23,,Austria,,TSG 1899 Hoffenheim,€20.00m,43,9,0,9,7,0,0,3,25
443,David RaumLeft-Back,David Raum,,David Raum,David Raum,Left-Back,25,,Germany,,RB Leipzig,€20.00m,46,0,0,3,7,0,0,12,17
444,Brahim DíazAttacking Midfield,Brahim Díaz,,Brahim Díaz,Brahim Díaz,Attacking Midfield,23,,Spain,,AC Milan,€20.00m,43,7,0,6,4,0,0,8,34
445,Mehdi TaremiCentre-Forward,Mehdi Taremi,,Mehdi Taremi,Mehdi Taremi,Centre-Forward,30,,Iran,,FC Porto,€20.00m,54,32,0,13,9,1,0,9,28
446,David GarcíaCentre-Back,David García,,David García,David García,Centre-Back,29,,Spain,,CA Osasuna,€20.00m,37,3,0,0,11,0,1,1,2
447,Taiwo AwoniyiCentre-Forward,Taiwo Awoniyi,,Taiwo Awoniyi,Taiwo Awoniyi,Centre-Forward,25,,Nigeria,,Nottingham Forest,€20.00m,30,10,0,1,2,0,0,12,18
448,Nikola VlasicAttacking Midfield,Nikola Vlasic,,Nikola Vlasic,Nikola Vlasic,Attacking Midfield,25,,Croatia,,Torino FC,€20.00m,43,5,0,7,1,0,0,11,10
449,Jonathan BambaLeft Winger,Jonathan Bamba,,Jonathan Bamba,Jonathan Bamba,Left Winger,27,,Cote d'Ivoire,,LOSC Lille,€20.00m,33,6,0,6,6,0,0,2,10
450,Wout FaesCentre-Back,Wout Faes,,Wout Faes,Wout Faes,Centre-Back,25,,Belgium,,Leicester City,€20.00m,40,0,3,2,6,1,0,1,1
451,Demarai GrayLeft Winger,Demarai Gray,,Demarai Gray,Demarai Gray,Left Winger,26,,England,,Everton FC,€20.00m,35,6,0,1,3,0,0,7,11
452,Ramy BensebainiLeft-Back,Ramy Bensebaini,,Ramy Bensebaini,Ramy Bensebaini,Left-Back,28,,Algeria,,Borussia Mönchengladbach,€20.00m,32,7,1,1,6,2,0,1,6
453,Davide CalabriaRight-Back,Davide Calabria,,Davide Calabria,Davide Calabria,Right-Back,26,,Italy,,AC Milan,€20.00m,33,1,0,4,8,0,0,5,12
454,Ricardo HortaLeft Winger,Ricardo Horta,,Ricardo Horta,Ricardo Horta,Left Winger,28,,Portugal,,SC Braga,€20.00m,48,17,0,9,6,0,0,7,10
455,Renato SanchesCentral Midfield,Renato Sanches,,Renato Sanches,Renato Sanches,Central Midfield,25,,Portugal,,Paris Saint-Germain,€20.00m,25,2,0,0,1,0,0,18,8
456,Wilmar BarriosDefensive Midfield,Wilmar Barrios,,Wilmar Barrios,Wilmar Barrios,Defensive Midfield,29,,Colombia,,Zenit St. Petersburg,€20.00m,30,2,0,2,6,0,1,1,7
457,Daniel PodenceLeft Winger,Daniel Podence,,Daniel Podence,Daniel Podence,Left Winger,27,,Portugal,,Wolverhampton Wanderers,€20.00m,37,6,0,1,6,0,0,16,13
458,André OnanaGoalkeeper,André Onana,,André Onana,André Onana,Goalkeeper,27,,Cameroon,,Inter Milan,€20.00m,42,0,0,0,3,0,0,0,0
459,Philipp LienhartCentre-Back,Philipp Lienhart,,Philipp Lienhart,Philipp Lienhart,Centre-Back,26,,Austria,,SC Freiburg,€20.00m,40,1,0,0,6,0,0,3,3
460,N'Golo KantéDefensive Midfield,N'Golo Kanté,,N'Golo Kanté,N'Golo Kanté,Defensive Midfield,32,,France,,Chelsea FC,€20.00m,10,0,0,1,1,0,0,1,4
461,Chancel MbembaCentre-Back,Chancel Mbemba,,Chancel Mbemba,Chancel Mbemba,Centre-Back,28,,DR Congo,,Olympique Marseille,€20.00m,43,6,0,1,3,0,1,6,5
462,Bryan CristanteDefensive Midfield,Bryan Cristante,,Bryan Cristante,Bryan Cristante,Defensive Midfield,28,,Italy,,AS Roma,€20.00m,58,1,0,4,11,0,1,5,12
463,André SilvaCentre-Forward,André Silva,,André Silva,André Silva,Centre-Forward,27,,Portugal,,RB Leipzig,€20.00m,47,9,0,9,3,0,0,15,20
464,Jonathan TahCentre-Back,Jonathan Tah,,Jonathan Tah,Jonathan Tah,Centre-Back,27,,Germany,,Bayer 04 Leverkusen,€20.00m,47,1,0,0,8,0,0,7,5
465,Álex MorenoLeft-Back,Álex Moreno,,Álex Moreno,Álex Moreno,Left-Back,29,,Spain,,Aston Villa,€20.00m,38,0,0,6,4,0,0,9,10
466,Ben DaviesLeft-Back,Ben Davies,,Ben Davies,Ben Davies,Left-Back,30,,Wales,,Tottenham Hotspur,€20.00m,42,2,0,2,5,0,0,8,8
467,Nico ElvediCentre-Back,Nico Elvedi,,Nico Elvedi,Nico Elvedi,Centre-Back,26,,Switzerland,,Borussia Mönchengladbach,€20.00m,40,3,0,0,4,0,0,1,2
468,FredCentral Midfield,Fred,,Fred,Fred,Central Midfield,30,,Brazil,,Manchester United,€20.00m,54,6,0,5,9,0,0,32,12
469,Raphaël GuerreiroLeft-Back,Raphaël Guerreiro,,Raphaël Guerreiro,Raphaël Guerreiro,Left-Back,29,,Portugal,,Borussia Dortmund,€20.00m,39,5,0,15,3,0,0,3,9
470,Matteo PolitanoRight Winger,Matteo Politano,,Matteo Politano,Matteo Politano,Right Winger,29,,Italy,,SSC Napoli,€20.00m,43,4,0,5,3,0,0,18,24
471,Wissam Ben YedderCentre-Forward,Wissam Ben Yedder,,Wissam Ben Yedder,Wissam Ben Yedder,Centre-Forward,32,,France,,AS Monaco,€20.00m,42,24,0,8,4,0,0,5,27
472,Matthias GinterCentre-Back,Matthias Ginter,,Matthias Ginter,Matthias Ginter,Centre-Back,29,,Germany,,SC Freiburg,€20.00m,47,5,0,4,5,0,0,1,1
473,Paul PogbaCentral Midfield,Paul Pogba,,Paul Pogba,Paul Pogba,Central Midfield,30,,France,,Juventus FC,€20.00m,10,0,0,1,1,0,0,9,1
474,Marcel SabitzerCentral Midfield,Marcel Sabitzer,,Marcel Sabitzer,Marcel Sabitzer,Central Midfield,29,,Austria,,Manchester United,€20.00m,51,7,0,5,8,0,0,21,16
475,Sergio CanalesAttacking Midfield,Sergio Canales,,Sergio Canales,Sergio Canales,Attacking Midfield,32,,Spain,,Real Betis Balompié,€20.00m,39,6,0,2,2,1,1,7,15
476,Cristiano RonaldoCentre-Forward,Cristiano Ronaldo,,Cristiano Ronaldo,Cristiano Ronaldo,Centre-Forward,38,,Portugal,,Al-Nassr FC,€20.00m,40,22,0,6,9,0,0,7,5
477,Giorgian de ArrascaetaAttacking Midfield,Giorgian de Arrascaeta,,Giorgian de Arrascaeta,Giorgian de Arrascaeta,Attacking Midfield,28,,Uruguay,,CR Flamengo,€19.00m,21,2,0,2,2,0,0,5,8
478,Vitor RoqueCentre-Forward,Vitor Roque,,Vitor Roque,Vitor Roque,Centre-Forward,18,,Brazil,,Club Athletico Paranaense,€18.00m,30,14,0,5,0,0,0,9,10
479,Eliesse Ben SeghirAttacking Midfield,Eliesse Ben Seghir,,Eliesse Ben Seghir,Eliesse Ben Seghir,Attacking Midfield,18,,France,,AS Monaco,€18.00m,29,7,0,5,2,0,0,12,17
480,Warren Zaïre-EmeryCentral Midfield,Warren Zaïre-Emery,,Warren Zaïre-Emery,Warren Zaïre-Emery,Central Midfield,17,,France,,Paris Saint-Germain,€18.00m,38,3,0,0,1,0,0,23,9
481,VandersonRight-Back,Vanderson,,Vanderson,Vanderson,Right-Back,21,,Brazil,,AS Monaco,€18.00m,37,1,0,5,3,1,0,8,11
482,Ilya ZabarnyiCentre-Back,Ilya Zabarnyi,,Ilya Zabarnyi,Ilya Zabarnyi,Centre-Back,20,,Ukraine,,AFC Bournemouth,€18.00m,33,0,0,0,6,1,1,2,0
483,Adrien TruffertLeft-Back,Adrien Truffert,,Adrien Truffert,Adrien Truffert,Left-Back,21,,France,,Stade Rennais FC,€18.00m,40,0,0,7,1,0,0,10,12
484,Wilfried GnontoLeft Winger,Wilfried Gnonto,,Wilfried Gnonto,Wilfried Gnonto,Left Winger,19,,Italy,,Leeds United,€18.00m,54,7,0,6,11,0,0,20,24
485,Aaron HickeyLeft-Back,Aaron Hickey,,Aaron Hickey,Aaron Hickey,Left-Back,20,,Scotland,,Brentford FC,€18.00m,31,0,0,1,8,0,0,5,18
486,Gavin BazunuGoalkeeper,Gavin Bazunu,,Gavin Bazunu,Gavin Bazunu,Goalkeeper,21,,Ireland,,Southampton FC,€18.00m,41,0,1,0,0,0,0,0,0
487,Dwight McNeilLeft Winger,Dwight McNeil,,Dwight McNeil,Dwight McNeil,Left Winger,23,,England,,Everton FC,€18.00m,38,7,0,3,5,0,0,10,9
488,Armand LaurientéLeft Winger,Armand Laurienté,,Armand Laurienté,Armand Laurienté,Left Winger,24,,France,,US Sassuolo,€18.00m,31,8,0,7,8,1,0,1,20
489,Sofiane DiopLeft Winger,Sofiane Diop,,Sofiane Diop,Sofiane Diop,Left Winger,22,,France,,OGC Nice,€18.00m,31,3,0,4,1,0,0,13,13
490,Mohammed SalisuCentre-Back,Mohammed Salisu,,Mohammed Salisu,Mohammed Salisu,Centre-Back,24,,Ghana,,Southampton FC,€18.00m,31,1,1,1,6,0,0,2,5
491,Micky van de VenCentre-Back,Micky van de Ven,,Micky van de Ven,Micky van de Ven,Centre-Back,22,,Netherlands,,VfL Wolfsburg,€18.00m,38,1,0,2,8,0,0,0,0
492,Anatoliy TrubinGoalkeeper,Anatoliy Trubin,,Anatoliy Trubin,Anatoliy Trubin,Goalkeeper,21,,Ukraine,,Shakhtar Donetsk,€18.00m,38,0,0,0,2,0,0,0,0
493,Nuno TavaresLeft-Back,Nuno Tavares,,Nuno Tavares,Nuno Tavares,Left-Back,23,,Portugal,,Olympique Marseille,€18.00m,41,6,0,2,7,0,1,9,6
494,Neco WilliamsRight-Back,Neco Williams,,Neco Williams,Neco Williams,Right-Back,22,,Wales,,Nottingham Forest,€18.00m,42,1,0,1,8,0,0,14,7
495,Yuri AlbertoCentre-Forward,Yuri Alberto,,Yuri Alberto,Yuri Alberto,Centre-Forward,22,,Brazil,,Sport Club Corinthians Paulista,€18.00m,24,5,0,5,3,0,0,2,9
496,Jérémy DokuRight Winger,Jérémy Doku,,Jérémy Doku,Jérémy Doku,Right Winger,20,,Belgium,,Stade Rennais FC,€18.00m,36,7,0,6,0,0,0,21,12
497,Calvin BasseyCentre-Back,Calvin Bassey,,Calvin Bassey,Calvin Bassey,Centre-Back,23,,Nigeria,,Ajax Amsterdam,€18.00m,40,1,0,5,2,0,1,8,4
498,Edouard MendyGoalkeeper,Edouard Mendy,,Edouard Mendy,Edouard Mendy,Goalkeeper,31,,Senegal,,Chelsea FC,€18.00m,12,0,0,0,1,0,0,1,0
499,Lutsharel GeertruidaRight-Back,Lutsharel Geertruida,,Lutsharel Geertruida,Lutsharel Geertruida,Right-Back,22,,Netherlands,,Feyenoord Rotterdam,€18.00m,43,3,0,3,3,0,0,1,6
500,ClaudinhoAttacking Midfield,Claudinho,,Claudinho,Claudinho,Attacking Midfield,26,,Brazil,,Zenit St. Petersburg,€18.00m,30,5,0,12,4,1,0,5,16
